{
"lengthUnit": "mil",
"components": {
	"fields": ["COMPONENT_NO", "COMPONENT_NAME", "LAYER", "X_COORDINATE", "Y_COORDINATE", "ANGLE"],
	"rows": [
		[1, "C2", "T", 475, -283.51, 270],
		[2, "FPC1", "B", 295.28, -118.11, 0],
		[3, "H1", "T", 295.28, -531.5, 0],
		[4, "R3", "T", 540, -325, 270],
		[5, "R4", "T", 480, -65, 270],
		[6, "R5", "T", 425, -65, 270],
		[7, "R6", "T", 370, -65, 270],
		[8, "R7", "T", 315, -65, 270],
		[9, "U2", "T", 501.97, -482.28, 90],
		[10, "U3", "T", 295.28, -295.28, 0],
		[11, "X1", "T", 90, -355, 90]
	]
},
"pins": {
	"fields": ["PIN_NO", "PIN_NAME", "PIN_X", "PIN_Y", "LAYER", "PIN_TYPE", "NET_NAME", "NET_TYPE", "PAD_SHAPE", "PAD_SIZEX", "PAD_SIZEY", "HOLE_SIZE", "PAD_ANGLE"],
	"rows": [
		[1, "C2_1", 475, -262.05, "T", "SMD", "GND", "GND", "R", 31.11, 21.26, 0, 270],
		[2, "C2_2", 475, -304.97, "T", "SMD", "$1N9945", "", "R", 31.11, 21.26, 0, 270],
		[3, "FPC1_1", 157.48, -67.91, "B", "SMD", "D6", "", "R", 11.81, 49.21, 0, 0],
		[4, "FPC1_2", 196.86, -67.91, "B", "SMD", "D7", "", "R", 11.81, 49.21, 0, 0],
		[5, "FPC1_3", 236.23, -67.91, "B", "SMD", "D8", "", "R", 11.81, 49.21, 0, 0],
		[6, "FPC1_4", 275.6, -67.91, "B", "SMD", "D9", "", "R", 11.81, 49.21, 0, 0],
		[7, "FPC1_5", 314.97, -67.91, "B", "SMD", "ADC3", "", "R", 11.81, 49.21, 0, 0],
		[8, "FPC1_6", 354.34, -67.91, "B", "SMD", "ADC2", "", "R", 11.81, 49.21, 0, 0],
		[9, "FPC1_7", 393.71, -67.91, "B", "SMD", "ADC1", "", "R", 11.81, 49.21, 0, 0],
		[10, "FPC1_8", 433.08, -67.91, "B", "SMD", "ADC0", "", "R", 11.81, 49.21, 0, 0],
		[11, "FPC1_9", 63, -168.31, "B", "SMD", "FPC1_9", "", "R", 70.87, 86.61, 0, 180],
		[12, "FPC1_10", 527.56, -168.31, "B", "SMD", "FPC1_10", "", "R", 70.87, 86.61, 0, 180],
		[13, "H1_1", 220.28, -531.5, "T", "DIP", "VCC", "", "R", 39.37, 49.21, 18.9, 0],
		[14, "H1_1", 220.28, -531.5, "B", "DIP", "VCC", "", "R", 39.37, 49.21, 18.9, 0],
		[15, "H1_2", 270.28, -531.5, "T", "DIP", "D1/TX", "", "R", 39.37, 49.21, 18.9, 0],
		[16, "H1_2", 270.28, -531.5, "B", "DIP", "D1/TX", "", "R", 39.37, 49.21, 18.9, 0],
		[17, "H1_3", 320.28, -531.5, "T", "DIP", "D0/RX", "", "R", 39.37, 49.21, 18.9, 0],
		[18, "H1_3", 320.28, -531.5, "B", "DIP", "D0/RX", "", "R", 39.37, 49.21, 18.9, 0],
		[19, "H1_4", 370.28, -531.5, "T", "DIP", "GND", "GND", "R", 39.37, 49.21, 18.9, 0],
		[20, "H1_4", 370.28, -531.5, "B", "DIP", "GND", "GND", "R", 39.37, 49.21, 18.9, 0],
		[21, "R3_1", 540, -307.96, "T", "SMD", "RESET", "", "R", 22.27, 21.26, 0, 270],
		[22, "R3_2", 540, -342.04, "T", "SMD", "VCC", "", "R", 22.27, 21.26, 0, 270],
		[23, "R4_1", 480, -47.96, "T", "SMD", "GND", "GND", "R", 22.27, 21.26, 0, 270],
		[24, "R4_2", 480, -82.04, "T", "SMD", "ADC0", "", "R", 22.27, 21.26, 0, 270],
		[25, "R5_1", 425, -47.96, "T", "SMD", "GND", "GND", "R", 22.27, 21.26, 0, 270],
		[26, "R5_2", 425, -82.04, "T", "SMD", "ADC1", "", "R", 22.27, 21.26, 0, 270],
		[27, "R6_1", 370, -47.96, "T", "SMD", "GND", "GND", "R", 22.27, 21.26, 0, 270],
		[28, "R6_2", 370, -82.04, "T", "SMD", "ADC2", "", "R", 22.27, 21.26, 0, 270],
		[29, "R7_1", 315, -47.96, "T", "SMD", "GND", "GND", "R", 22.27, 21.26, 0, 270],
		[30, "R7_2", 315, -82.04, "T", "SMD", "ADC3", "", "R", 22.27, 21.26, 0, 270],
		[31, "U2_1", 526.97, -532.28, "T", "DIP", "D12", "", "R", 39.37, 39.37, 23.62, 90],
		[32, "U2_1", 526.97, -532.28, "B", "DIP", "D12", "", "R", 39.37, 39.37, 23.62, 90],
		[33, "U2_2", 476.97, -532.28, "T", "DIP", "VCC", "", "C", 39.37, 39.37, 23.62, 90],
		[34, "U2_2", 476.97, -532.28, "B", "DIP", "VCC", "", "C", 39.37, 39.37, 23.62, 90],
		[35, "U2_3", 526.97, -482.28, "T", "DIP", "D13", "", "C", 39.37, 39.37, 23.62, 90],
		[36, "U2_3", 526.97, -482.28, "B", "DIP", "D13", "", "C", 39.37, 39.37, 23.62, 90],
		[37, "U2_4", 476.97, -482.28, "T", "DIP", "D11", "", "C", 39.37, 39.37, 23.62, 90],
		[38, "U2_4", 476.97, -482.28, "B", "DIP", "D11", "", "C", 39.37, 39.37, 23.62, 90],
		[39, "U2_5", 526.97, -432.28, "T", "DIP", "RESET", "", "C", 39.37, 39.37, 23.62, 90],
		[40, "U2_5", 526.97, -432.28, "B", "DIP", "RESET", "", "C", 39.37, 39.37, 23.62, 90],
		[41, "U2_6", 476.97, -432.28, "T", "DIP", "GND", "GND", "C", 39.37, 39.37, 23.62, 90],
		[42, "U2_6", 476.97, -432.28, "B", "DIP", "GND", "GND", "C", 39.37, 39.37, 23.62, 90],
		[43, "U3_1", 200.5, -226.38, "T", "SMD", "U3_1", "", "R", 26.18, 11.02, 0, 0],
		[44, "U3_2", 200.5, -246.07, "T", "SMD", "U3_2", "", "R", 26.18, 11.02, 0, 0],
		[45, "U3_3", 200.5, -265.75, "T", "SMD", "GND", "GND", "R", 26.18, 11.02, 0, 0],
		[46, "U3_4", 200.5, -285.44, "T", "SMD", "VCC", "", "R", 26.18, 11.02, 0, 0],
		[47, "U3_5", 200.5, -305.12, "T", "SMD", "GND", "GND", "R", 26.18, 11.02, 0, 0],
		[48, "U3_6", 200.5, -324.81, "T", "SMD", "VCC", "", "R", 26.18, 11.02, 0, 0],
		[49, "U3_7", 200.5, -344.49, "T", "SMD", "XTAL1", "", "R", 26.18, 11.02, 0, 0],
		[50, "U3_8", 200.5, -364.18, "T", "SMD", "XTAL2", "", "R", 26.18, 11.02, 0, 0],
		[51, "U3_9", 226.38, -390.06, "T", "SMD", "U3_9", "", "R", 11.02, 26.18, 0, 0],
		[52, "U3_10", 246.07, -390.06, "T", "SMD", "D6", "", "R", 11.02, 26.18, 0, 0],
		[53, "U3_11", 265.75, -390.06, "T", "SMD", "D7", "", "R", 11.02, 26.18, 0, 0],
		[54, "U3_12", 285.44, -390.06, "T", "SMD", "D8", "", "R", 11.02, 26.18, 0, 0],
		[55, "U3_13", 305.12, -390.06, "T", "SMD", "D9", "", "R", 11.02, 26.18, 0, 0],
		[56, "U3_14", 324.81, -390.06, "T", "SMD", "U3_14", "", "R", 11.02, 26.18, 0, 0],
		[57, "U3_15", 344.49, -390.06, "T", "SMD", "D11", "", "R", 11.02, 26.18, 0, 0],
		[58, "U3_16", 364.18, -390.06, "T", "SMD", "D12", "", "R", 11.02, 26.18, 0, 0],
		[59, "U3_17", 390.06, -364.18, "T", "SMD", "D13", "", "R", 26.18, 11.02, 0, 0],
		[60, "U3_18", 390.06, -344.49, "T", "SMD", "VCC", "", "R", 26.18, 11.02, 0, 0],
		[61, "U3_19", 390.06, -324.81, "T", "SMD", "U3_19", "", "R", 26.18, 11.02, 0, 0],
		[62, "U3_20", 390.06, -305.12, "T", "SMD", "$1N9945", "", "R", 26.18, 11.02, 0, 0],
		[63, "U3_21", 390.06, -285.44, "T", "SMD", "GND", "GND", "R", 26.18, 11.02, 0, 0],
		[64, "U3_22", 390.06, -265.75, "T", "SMD", "U3_22", "", "R", 26.18, 11.02, 0, 0],
		[65, "U3_23", 390.06, -246.07, "T", "SMD", "ADC0", "", "R", 26.18, 11.02, 0, 0],
		[66, "U3_24", 390.06, -226.38, "T", "SMD", "ADC1", "", "R", 26.18, 11.02, 0, 0],
		[67, "U3_25", 364.18, -200.5, "T", "SMD", "ADC2", "", "R", 11.02, 26.18, 0, 0],
		[68, "U3_26", 344.49, -200.5, "T", "SMD", "ADC3", "", "R", 11.02, 26.18, 0, 0],
		[69, "U3_27", 324.81, -200.5, "T", "SMD", "U3_27", "", "R", 11.02, 26.18, 0, 0],
		[70, "U3_28", 305.12, -200.5, "T", "SMD", "U3_28", "", "R", 11.02, 26.18, 0, 0],
		[71, "U3_29", 285.44, -200.5, "T", "SMD", "RESET", "", "R", 11.02, 26.18, 0, 0],
		[72, "U3_30", 265.75, -200.5, "T", "SMD", "D0/RX", "", "R", 11.02, 26.18, 0, 0],
		[73, "U3_31", 246.07, -200.5, "T", "SMD", "D1/TX", "", "R", 11.02, 26.18, 0, 0],
		[74, "U3_32", 226.38, -200.5, "T", "SMD", "U3_32", "", "R", 11.02, 26.18, 0, 0],
		[75, "U3_33", 295.28, -295.28, "T", "SMD", "GND", "GND", "R", 122.05, 122.05, 0, 0],
		[76, "X1_1", 90, -402.24, "T", "SMD", "XTAL2", "", "R", 19.68, 59.05, 0, 90],
		[77, "X1_2", 90, -355, "T", "SMD", "GND", "GND", "R", 19.68, 59.05, 0, 90],
		[78, "X1_3", 90, -307.76, "T", "SMD", "XTAL1", "", "R", 19.68, 59.05, 0, 90]
	]
}
}