{
"lengthUnit": "mil",
"components": {
	"fields": ["COMPONENT_NO", "COMPONENT_NAME", "LAYER", "X_COORDINATE", "Y_COORDINATE", "ANGLE"],
	"rows": [
		[1, "C1", "T", 345, -70, 90],
		[2, "C2", "T", 470, -285, 270],
		[3, "H1", "T", 295.28, -531.5, 0],
		[4, "H2", "T", 482.28, -78.74, 0],
		[5, "R1", "T", 455, -165, 180],
		[6, "R2", "T", 525, -290, 270],
		[7, "R3", "T", 140, -100, 180],
		[8, "R4", "T", 140, -45, 180],
		[9, "U1", "T", 501.97, -482.28, 90],
		[10, "U2", "T", 295.28, -295.28, 0],
		[11, "U3", "T", 260, -70, 0],
		[12, "X1", "T", 80, -355, 90]
	]
},
"pins": {
	"fields": ["PIN_NO", "PIN_NAME", "PIN_X", "PIN_Y", "LAYER", "PIN_TYPE", "NET_NAME", "NET_TYPE", "PAD_SHAPE", "PAD_SIZEX", "PAD_SIZEY", "HOLE_SIZE", "PAD_ANGLE"],
	"rows": [
		[1, "C1_1", 345, -91.46, "T", "SMD", "GND", "GND", "R", 31.11, 21.26, 0, 90],
		[2, "C1_2", 345, -48.54, "T", "SMD", "VCC", "", "R", 31.11, 21.26, 0, 90],
		[3, "C2_1", 470, -263.54, "T", "SMD", "GND", "GND", "R", 31.11, 21.26, 0, 270],
		[4, "C2_2", 470, -306.46, "T", "SMD", "$1N15946", "", "R", 31.11, 21.26, 0, 270],
		[5, "H1_1", 220.28, -531.5, "T", "DIP", "VCC", "", "R", 39.37, 49.21, 18.9, 0],
		[6, "H1_1", 220.28, -531.5, "B", "DIP", "VCC", "", "R", 39.37, 49.21, 18.9, 0],
		[7, "H1_2", 270.28, -531.5, "T", "DIP", "D1/TX", "", "R", 39.37, 49.21, 18.9, 0],
		[8, "H1_2", 270.28, -531.5, "B", "DIP", "D1/TX", "", "R", 39.37, 49.21, 18.9, 0],
		[9, "H1_3", 320.28, -531.5, "T", "DIP", "D0/RX", "", "R", 39.37, 49.21, 18.9, 0],
		[10, "H1_3", 320.28, -531.5, "B", "DIP", "D0/RX", "", "R", 39.37, 49.21, 18.9, 0],
		[11, "H1_4", 370.28, -531.5, "T", "DIP", "GND", "GND", "R", 39.37, 49.21, 18.9, 0],
		[12, "H1_4", 370.28, -531.5, "B", "DIP", "GND", "GND", "R", 39.37, 49.21, 18.9, 0],
		[13, "H2_1", 442.91, -78.74, "T", "DIP", "ADC0", "", "R", 55.12, 55.12, 35, 0],
		[14, "H2_1", 442.91, -78.74, "B", "DIP", "ADC0", "", "R", 55.12, 55.12, 35, 0],
		[15, "H2_2", 521.65, -78.74, "T", "DIP", "VCC", "", "C", 55.12, 55.12, 35, 0],
		[16, "H2_2", 521.65, -78.74, "B", "DIP", "VCC", "", "C", 55.12, 55.12, 35, 0],
		[17, "R1_1", 472.04, -165, "T", "SMD", "GND", "GND", "R", 22.27, 21.26, 0, 180],
		[18, "R1_2", 437.96, -165, "T", "SMD", "ADC0", "", "R", 22.27, 21.26, 0, 180],
		[19, "R2_1", 525, -272.96, "T", "SMD", "RESET", "", "R", 22.27, 21.26, 0, 270],
		[20, "R2_2", 525, -307.04, "T", "SMD", "VCC", "", "R", 22.27, 21.26, 0, 270],
		[21, "R3_1", 157.04, -100, "T", "SMD", "SCL", "", "R", 22.27, 21.26, 0, 180],
		[22, "R3_2", 122.96, -100, "T", "SMD", "VCC", "", "R", 22.27, 21.26, 0, 180],
		[23, "R4_1", 157.04, -45, "T", "SMD", "SDA", "", "R", 22.27, 21.26, 0, 180],
		[24, "R4_2", 122.96, -45, "T", "SMD", "VCC", "", "R", 22.27, 21.26, 0, 180],
		[25, "U1_1", 526.97, -532.28, "T", "DIP", "D12", "", "R", 39.37, 39.37, 23.62, 90],
		[26, "U1_1", 526.97, -532.28, "B", "DIP", "D12", "", "R", 39.37, 39.37, 23.62, 90],
		[27, "U1_2", 476.97, -532.28, "T", "DIP", "VCC", "", "C", 39.37, 39.37, 23.62, 90],
		[28, "U1_2", 476.97, -532.28, "B", "DIP", "VCC", "", "C", 39.37, 39.37, 23.62, 90],
		[29, "U1_3", 526.97, -482.28, "T", "DIP", "D13", "", "C", 39.37, 39.37, 23.62, 90],
		[30, "U1_3", 526.97, -482.28, "B", "DIP", "D13", "", "C", 39.37, 39.37, 23.62, 90],
		[31, "U1_4", 476.97, -482.28, "T", "DIP", "D11", "", "C", 39.37, 39.37, 23.62, 90],
		[32, "U1_4", 476.97, -482.28, "B", "DIP", "D11", "", "C", 39.37, 39.37, 23.62, 90],
		[33, "U1_5", 526.97, -432.28, "T", "DIP", "RESET", "", "C", 39.37, 39.37, 23.62, 90],
		[34, "U1_5", 526.97, -432.28, "B", "DIP", "RESET", "", "C", 39.37, 39.37, 23.62, 90],
		[35, "U1_6", 476.97, -432.28, "T", "DIP", "GND", "GND", "C", 39.37, 39.37, 23.62, 90],
		[36, "U1_6", 476.97, -432.28, "B", "DIP", "GND", "GND", "C", 39.37, 39.37, 23.62, 90],
		[37, "U2_1", 200.5, -226.38, "T", "SMD", "U2_1", "", "R", 26.18, 11.02, 0, 0],
		[38, "U2_2", 200.5, -246.07, "T", "SMD", "U2_2", "", "R", 26.18, 11.02, 0, 0],
		[39, "U2_3", 200.5, -265.75, "T", "SMD", "GND", "GND", "R", 26.18, 11.02, 0, 0],
		[40, "U2_4", 200.5, -285.44, "T", "SMD", "VCC", "", "R", 26.18, 11.02, 0, 0],
		[41, "U2_5", 200.5, -305.12, "T", "SMD", "GND", "GND", "R", 26.18, 11.02, 0, 0],
		[42, "U2_6", 200.5, -324.81, "T", "SMD", "VCC", "", "R", 26.18, 11.02, 0, 0],
		[43, "U2_7", 200.5, -344.49, "T", "SMD", "XTAL1", "", "R", 26.18, 11.02, 0, 0],
		[44, "U2_8", 200.5, -364.18, "T", "SMD", "XTAL2", "", "R", 26.18, 11.02, 0, 0],
		[45, "U2_9", 226.38, -390.06, "T", "SMD", "U2_9", "", "R", 11.02, 26.18, 0, 0],
		[46, "U2_10", 246.07, -390.06, "T", "SMD", "U2_10", "", "R", 11.02, 26.18, 0, 0],
		[47, "U2_11", 265.75, -390.06, "T", "SMD", "U2_11", "", "R", 11.02, 26.18, 0, 0],
		[48, "U2_12", 285.44, -390.06, "T", "SMD", "U2_12", "", "R", 11.02, 26.18, 0, 0],
		[49, "U2_13", 305.12, -390.06, "T", "SMD", "U2_13", "", "R", 11.02, 26.18, 0, 0],
		[50, "U2_14", 324.81, -390.06, "T", "SMD", "U2_14", "", "R", 11.02, 26.18, 0, 0],
		[51, "U2_15", 344.49, -390.06, "T", "SMD", "D11", "", "R", 11.02, 26.18, 0, 0],
		[52, "U2_16", 364.18, -390.06, "T", "SMD", "D12", "", "R", 11.02, 26.18, 0, 0],
		[53, "U2_17", 390.06, -364.18, "T", "SMD", "D13", "", "R", 26.18, 11.02, 0, 0],
		[54, "U2_18", 390.06, -344.49, "T", "SMD", "VCC", "", "R", 26.18, 11.02, 0, 0],
		[55, "U2_19", 390.06, -324.81, "T", "SMD", "U2_19", "", "R", 26.18, 11.02, 0, 0],
		[56, "U2_20", 390.06, -305.12, "T", "SMD", "$1N15946", "", "R", 26.18, 11.02, 0, 0],
		[57, "U2_21", 390.06, -285.44, "T", "SMD", "GND", "GND", "R", 26.18, 11.02, 0, 0],
		[58, "U2_22", 390.06, -265.75, "T", "SMD", "U2_22", "", "R", 26.18, 11.02, 0, 0],
		[59, "U2_23", 390.06, -246.07, "T", "SMD", "U2_23", "", "R", 26.18, 11.02, 0, 0],
		[60, "U2_24", 390.06, -226.38, "T", "SMD", "U2_24", "", "R", 26.18, 11.02, 0, 0],
		[61, "U2_25", 364.18, -200.5, "T", "SMD", "U2_25", "", "R", 11.02, 26.18, 0, 0],
		[62, "U2_26", 344.49, -200.5, "T", "SMD", "U2_26", "", "R", 11.02, 26.18, 0, 0],
		[63, "U2_27", 324.81, -200.5, "T", "SMD", "SDA", "", "R", 11.02, 26.18, 0, 0],
		[64, "U2_28", 305.12, -200.5, "T", "SMD", "SCL", "", "R", 11.02, 26.18, 0, 0],
		[65, "U2_29", 285.44, -200.5, "T", "SMD", "RESET", "", "R", 11.02, 26.18, 0, 0],
		[66, "U2_30", 265.75, -200.5, "T", "SMD", "D0/RX", "", "R", 11.02, 26.18, 0, 0],
		[67, "U2_31", 246.07, -200.5, "T", "SMD", "D1/TX", "", "R", 11.02, 26.18, 0, 0],
		[68, "U2_32", 226.38, -200.5, "T", "SMD", "U2_32", "", "R", 11.02, 26.18, 0, 0],
		[69, "U2_33", 295.28, -295.28, "T", "SMD", "GND", "GND", "R", 122.05, 122.05, 0, 0],
		[70, "U3_1", 230.47, -95, "T", "SMD", "GND", "GND", "R", 11.81, 22.84, 0, 0],
		[71, "U3_2", 250.16, -95, "T", "SMD", "U3_2", "", "R", 9.84, 22.84, 0, 0],
		[72, "U3_3", 269.84, -95, "T", "SMD", "GND", "GND", "R", 9.84, 22.84, 0, 0],
		[73, "U3_4", 289.53, -95, "T", "SMD", "ADC0", "", "R", 11.81, 22.84, 0, 0],
		[74, "U3_5", 293.86, -70, "T", "SMD", "U3_5", "", "R", 13.78, 24.8, 0, 90],
		[75, "U3_6", 289.53, -45, "T", "SMD", "U3_6", "", "R", 11.81, 22.84, 0, 0],
		[76, "U3_7", 269.84, -45, "T", "SMD", "U3_7", "", "R", 9.84, 22.84, 0, 0],
		[77, "U3_8", 250.16, -45, "T", "SMD", "VCC", "", "R", 9.84, 22.84, 0, 0],
		[78, "U3_9", 230.47, -45, "T", "SMD", "SDA", "", "R", 11.81, 22.84, 0, 0],
		[79, "U3_10", 226.14, -70, "T", "SMD", "SCL", "", "R", 13.78, 24.8, 0, 90],
		[80, "X1_1", 80, -402.24, "T", "SMD", "XTAL2", "", "R", 19.68, 59.05, 0, 90],
		[81, "X1_2", 80, -355, "T", "SMD", "GND", "GND", "R", 19.68, 59.05, 0, 90],
		[82, "X1_3", 80, -307.76, "T", "SMD", "XTAL1", "", "R", 19.68, 59.05, 0, 90]
	]
}
}