{
"lengthUnit": "mil",
"components": {
	"fields": ["COMPONENT_NO", "COMPONENT_NAME", "LAYER", "X_COORDINATE", "Y_COORDINATE", "ANGLE"],
	"rows": [
		[1, "C1", "T", 570, 516, 180],
		[2, "C2", "T", 509, 888, 0],
		[3, "C3", "T", 434, 134, 270],
		[4, "C4", "T", 881, 669, 180],
		[5, "C5", "T", 435, 356, 90],
		[6, "F1", "T", 512, 669, 180],
		[7, "H1", "T", 1349, 411, 90],
		[8, "Q1", "T", 1355.42, 1044.15, 90],
		[9, "R1", "T", 1239.61, 1033.86, 90],
		[10, "R2", "T", 1114.05, 786.97, 270],
		[11, "R3", "T", 1497.95, 1054.41, 90],
		[12, "TP1", "T", 787.4, 98.43, 0],
		[13, "TP2", "T", 501.97, 1240.16, 0],
		[14, "TP3", "T", 1072.83, 1240.16, 0],
		[15, "U1", "T", 1348.24, 766.52, 270],
		[16, "U2", "T", 1358.27, 1240.16, 0],
		[17, "U3", "T", 1358.27, 137.8, 180],
		[18, "U4", "T", 787.4, 1240.16, 0],
		[19, "U5", "T", 216.54, 1240.16, 0],
		[20, "U6", "B", 433.07, 314.96, 0],
		[21, "U7", "T", 572, 276, 180],
		[22, "U8", "T", 877, 887, 180],
		[23, "USB1", "T", 216.54, 255.91, 270],
		[24, "USB2", "T", 196.85, 728.35, 270]
	]
},
"pins": {
	"fields": ["PIN_NO", "PIN_NAME", "PIN_X", "PIN_Y", "LAYER", "PIN_TYPE", "NET_NAME", "NET_TYPE", "PAD_SHAPE", "PAD_SIZEX", "PAD_SIZEY", "HOLE_SIZE", "PAD_ANGLE"],
	"rows": [
		[1, "C1_1", 597.56, 516, "T", "SMD", "GND", "GND", "R", 31.5, 35.43, 0, 180],
		[2, "C1_2", 542.44, 516, "T", "SMD", "VCC", "", "R", 31.5, 35.43, 0, 180],
		[3, "C2_1", 625.58, 888, "T", "SMD", "+5V", "", "R", 86.91, 93.54, 0, 0],
		[4, "C2_2", 392.42, 888, "T", "SMD", "GND", "GND", "R", 86.91, 93.54, 0, 0],
		[5, "C3_1", 434, 161.56, "T", "SMD", "VBUS_5V", "", "R", 31.5, 35.43, 0, 270],
		[6, "C3_2", 434, 106.44, "T", "SMD", "GND", "GND", "R", 31.5, 35.43, 0, 270],
		[7, "C4_1", 764.42, 669, "T", "SMD", "VBUS", "", "R", 86.91, 93.54, 0, 180],
		[8, "C4_2", 997.58, 669, "T", "SMD", "GND", "GND", "R", 86.91, 93.54, 0, 180],
		[9, "C5_1", 435, 328.44, "T", "SMD", "$1N7934", "", "R", 31.5, 35.43, 0, 90],
		[10, "C5_2", 435, 383.56, "T", "SMD", "GND", "GND", "R", 31.5, 35.43, 0, 90],
		[11, "F1_1", 584.97, 669, "T", "SMD", "VBUS", "", "R", 55.38, 137.76, 0, 180],
		[12, "F1_2", 439.03, 669, "T", "SMD", "$1N8001", "", "R", 55.38, 137.76, 0, 180],
		[13, "H1_1", 1399, 311, "T", "DIP", "TX", "", "R", 62.99, 62.99, 41.34, 90],
		[14, "H1_1", 1399, 311, "B", "DIP", "TX", "", "R", 62.99, 62.99, 41.34, 90],
		[15, "H1_2", 1299, 311, "T", "DIP", "RX", "", "C", 62.99, 62.99, 41.34, 90],
		[16, "H1_2", 1299, 311, "B", "DIP", "RX", "", "C", 62.99, 62.99, 41.34, 90],
		[17, "H1_3", 1399, 411, "T", "DIP", "TX_S", "", "C", 62.99, 62.99, 41.34, 90],
		[18, "H1_3", 1399, 411, "B", "DIP", "TX_S", "", "C", 62.99, 62.99, 41.34, 90],
		[19, "H1_4", 1299, 411, "T", "DIP", "RX_S", "", "C", 62.99, 62.99, 41.34, 90],
		[20, "H1_4", 1299, 411, "B", "DIP", "RX_S", "", "C", 62.99, 62.99, 41.34, 90],
		[21, "H1_5", 1399, 511, "T", "DIP", "PC_TX", "", "C", 62.99, 62.99, 41.34, 90],
		[22, "H1_5", 1399, 511, "B", "DIP", "PC_TX", "", "C", 62.99, 62.99, 41.34, 90],
		[23, "H1_6", 1299, 511, "T", "DIP", "PC_RX", "", "C", 62.99, 62.99, 41.34, 90],
		[24, "H1_6", 1299, 511, "B", "DIP", "PC_RX", "", "C", 62.99, 62.99, 41.34, 90],
		[25, "Q1_1", 1392.82, 1083.52, "T", "SMD", "$1N2582", "", "R", 49.21, 27.56, 0, 90],
		[26, "Q1_2", 1318.02, 1083.52, "T", "SMD", "GND", "GND", "R", 49.21, 27.56, 0, 90],
		[27, "Q1_3", 1355.42, 1004.78, "T", "SMD", "TX_EN", "", "R", 49.21, 27.56, 0, 90],
		[28, "R1_1", 1239.61, 1004.2, "T", "SMD", "TX_EN", "", "R", 31.75, 34.02, 0, 90],
		[29, "R1_2", 1239.61, 1063.52, "T", "SMD", "VCC", "", "R", 31.75, 34.02, 0, 90],
		[30, "R2_1", 1114.05, 816.63, "T", "SMD", "DATA", "", "R", 31.75, 34.02, 0, 270],
		[31, "R2_2", 1114.05, 757.31, "T", "SMD", "VCC", "", "R", 31.75, 34.02, 0, 270],
		[32, "R3_1", 1497.95, 1024.75, "T", "SMD", "TX_O", "", "R", 31.75, 34.02, 0, 90],
		[33, "R3_2", 1497.95, 1084.07, "T", "SMD", "$1N2582", "", "R", 31.75, 34.02, 0, 90],
		[34, "TP1_1", 787.4, 98.43, "T", "DIP", "GND", "GND", "C", 78.74, 78.74, 78.74, 0],
		[35, "TP1_1", 787.4, 98.43, "B", "DIP", "GND", "GND", "C", 78.74, 78.74, 78.74, 0],
		[36, "TP2_1", 501.97, 1240.16, "T", "DIP", "GND", "GND", "C", 78.74, 78.74, 78.74, 0],
		[37, "TP2_1", 501.97, 1240.16, "B", "DIP", "GND", "GND", "C", 78.74, 78.74, 78.74, 0],
		[38, "TP3_1", 1072.83, 1240.16, "T", "DIP", "GND", "GND", "C", 78.74, 78.74, 78.74, 0],
		[39, "TP3_1", 1072.83, 1240.16, "B", "DIP", "GND", "GND", "C", 78.74, 78.74, 78.74, 0],
		[40, "U1_1", 1239.22, 916.52, "T", "SMD", "TX_EN", "", "O", 22.6, 80.24, 0, 270],
		[41, "U1_2", 1239.22, 866.52, "T", "SMD", "TX_O", "", "O", 22.6, 80.24, 0, 270],
		[42, "U1_3", 1239.22, 816.52, "T", "SMD", "DATA", "", "O", 22.6, 80.24, 0, 270],
		[43, "U1_4", 1239.22, 766.52, "T", "SMD", "TX_O", "", "O", 22.6, 80.24, 0, 270],
		[44, "U1_5", 1239.22, 716.52, "T", "SMD", "DATA", "", "O", 22.6, 80.24, 0, 270],
		[45, "U1_6", 1239.22, 666.52, "T", "SMD", "RX_S", "", "O", 22.6, 80.24, 0, 270],
		[46, "U1_7", 1239.22, 616.52, "T", "SMD", "GND", "GND", "O", 22.6, 80.24, 0, 270],
		[47, "U1_8", 1457.26, 616.52, "T", "SMD", "U1_8", "", "O", 22.6, 80.24, 0, 270],
		[48, "U1_9", 1457.26, 666.52, "T", "SMD", "U1_9", "", "O", 22.6, 80.24, 0, 270],
		[49, "U1_10", 1457.26, 716.52, "T", "SMD", "U1_10", "", "O", 22.6, 80.24, 0, 270],
		[50, "U1_11", 1457.26, 766.52, "T", "SMD", "TX_O", "", "O", 22.6, 80.24, 0, 270],
		[51, "U1_12", 1457.26, 816.52, "T", "SMD", "TX_S", "", "O", 22.6, 80.24, 0, 270],
		[52, "U1_13", 1457.26, 866.52, "T", "SMD", "VCC", "", "O", 22.6, 80.24, 0, 270],
		[53, "U1_14", 1457.26, 916.52, "T", "SMD", "VCC", "", "O", 22.6, 80.24, 0, 270],
		[54, "U2_1", 1279.53, 1240.16, "T", "DIP", "DATA", "", "R", 60, 60, 36, 0],
		[55, "U2_1", 1279.53, 1240.16, "B", "DIP", "DATA", "", "R", 60, 60, 36, 0],
		[56, "U2_2", 1358.27, 1240.16, "T", "DIP", "VBUS", "", "C", 60, 60, 36, 0],
		[57, "U2_2", 1358.27, 1240.16, "B", "DIP", "VBUS", "", "C", 60, 60, 36, 0],
		[58, "U2_3", 1437.01, 1240.16, "T", "DIP", "GND", "GND", "C", 60, 60, 36, 0],
		[59, "U2_3", 1437.01, 1240.16, "B", "DIP", "GND", "GND", "C", 60, 60, 36, 0],
		[60, "U3_1", 1437.01, 137.8, "T", "DIP", "DATA", "", "R", 60, 60, 36, 180],
		[61, "U3_1", 1437.01, 137.8, "B", "DIP", "DATA", "", "R", 60, 60, 36, 180],
		[62, "U3_2", 1358.27, 137.8, "T", "DIP", "VBUS", "", "C", 60, 60, 36, 180],
		[63, "U3_2", 1358.27, 137.8, "B", "DIP", "VBUS", "", "C", 60, 60, 36, 180],
		[64, "U3_3", 1279.53, 137.8, "T", "DIP", "GND", "GND", "C", 60, 60, 36, 180],
		[65, "U3_3", 1279.53, 137.8, "B", "DIP", "GND", "GND", "C", 60, 60, 36, 180],
		[66, "U4_1", 708.66, 1240.16, "T", "DIP", "DATA", "", "R", 60, 60, 36, 0],
		[67, "U4_1", 708.66, 1240.16, "B", "DIP", "DATA", "", "R", 60, 60, 36, 0],
		[68, "U4_2", 787.4, 1240.16, "T", "DIP", "VBUS", "", "C", 60, 60, 36, 0],
		[69, "U4_2", 787.4, 1240.16, "B", "DIP", "VBUS", "", "C", 60, 60, 36, 0],
		[70, "U4_3", 866.14, 1240.16, "T", "DIP", "GND", "GND", "C", 60, 60, 36, 0],
		[71, "U4_3", 866.14, 1240.16, "B", "DIP", "GND", "GND", "C", 60, 60, 36, 0],
		[72, "U5_1", 137.8, 1240.16, "T", "DIP", "DATA", "", "R", 60, 60, 36, 0],
		[73, "U5_1", 137.8, 1240.16, "B", "DIP", "DATA", "", "R", 60, 60, 36, 0],
		[74, "U5_2", 216.54, 1240.16, "T", "DIP", "VBUS", "", "C", 60, 60, 36, 0],
		[75, "U5_2", 216.54, 1240.16, "B", "DIP", "VBUS", "", "C", 60, 60, 36, 0],
		[76, "U5_3", 295.28, 1240.16, "T", "DIP", "GND", "GND", "C", 60, 60, 36, 0],
		[77, "U5_3", 295.28, 1240.16, "B", "DIP", "GND", "GND", "C", 60, 60, 36, 0],
		[78, "U6_3V3O", 433.07, 514.96, "B", "SMD", "VCC", "", "R", 94.49, 60, 0, 0],
		[79, "U6_5V", 433.07, 314.96, "B", "SMD", "+5V", "", "R", 94.49, 60, 0, 0],
		[80, "U6_GND", 433.07, 414.96, "B", "SMD", "GND", "GND", "R", 94.49, 60, 0, 0],
		[81, "U6_IO0", 433.07, 614.96, "B", "SMD", "PC_RX", "", "R", 94.49, 60, 0, 0],
		[82, "U6_IO1", 433.07, 714.96, "B", "SMD", "PC_TX", "", "R", 94.49, 60, 0, 0],
		[83, "U6_IO10", 1141.73, 714.96, "B", "SMD", "U6_IO10", "", "R", 94.49, 60, 0, 0],
		[84, "U6_IO18DM", 1141.73, 614.96, "B", "SMD", "U6_IO18DM", "", "R", 94.49, 60, 0, 0],
		[85, "U6_IO19DP", 1141.73, 514.96, "B", "SMD", "U6_IO19DP", "", "R", 94.49, 60, 0, 0],
		[86, "U6_IO2", 433.07, 814.96, "B", "SMD", "U6_IO2", "", "R", 94.49, 60, 0, 0],
		[87, "U6_IO20RXD0", 1141.73, 414.96, "B", "SMD", "RX", "", "R", 94.49, 60, 0, 0],
		[88, "U6_IO21TXD0", 1141.73, 314.96, "B", "SMD", "TX", "", "R", 94.49, 60, 0, 0],
		[89, "U6_IO3", 433.07, 914.96, "B", "SMD", "U6_IO3", "", "R", 94.49, 60, 0, 0],
		[90, "U6_IO4", 433.07, 1014.96, "B", "SMD", "U6_IO4", "", "R", 94.49, 60, 0, 0],
		[91, "U6_IO5", 433.07, 1114.96, "B", "SMD", "U6_IO5", "", "R", 94.49, 60, 0, 0],
		[92, "U6_IO6", 1141.73, 1114.96, "B", "SMD", "U6_IO6", "", "R", 94.49, 60, 0, 0],
		[93, "U6_IO7", 1141.73, 1014.96, "B", "SMD", "U6_IO7", "", "R", 94.49, 60, 0, 0],
		[94, "U6_IO8", 1141.73, 914.96, "B", "SMD", "U6_IO8", "", "R", 94.49, 60, 0, 0],
		[95, "U6_IO9", 1141.73, 814.96, "B", "SMD", "U6_IO9", "", "R", 94.49, 60, 0, 0],
		[96, "U7_1", 601.46, 333.08, "T", "SMD", "VCC", "", "R", 9.84, 29.53, 0, 180],
		[97, "U7_2", 581.78, 333.08, "T", "SMD", "GND", "GND", "R", 9.84, 29.53, 0, 180],
		[98, "U7_3", 562.1, 333.08, "T", "SMD", "VBUS_5V", "", "R", 9.84, 29.53, 0, 180],
		[99, "U7_4", 542.41, 333.09, "T", "SMD", "PC_TX", "", "R", 9.84, 29.53, 0, 180],
		[100, "U7_5", 514.91, 305.52, "T", "SMD", "PC_RX", "", "R", 29.53, 9.84, 0, 180],
		[101, "U7_6", 514.91, 285.84, "T", "SMD", "$1N7934", "", "R", 29.53, 9.84, 0, 180],
		[102, "U7_7", 514.91, 266.15, "T", "SMD", "UD+", "", "R", 29.53, 9.84, 0, 180],
		[103, "U7_8", 514.91, 246.47, "T", "SMD", "UD-", "", "R", 29.53, 9.84, 0, 180],
		[104, "U7_9", 542.48, 218.91, "T", "SMD", "VBUS_5V", "", "R", 9.84, 29.53, 0, 180],
		[105, "U7_10", 562.15, 218.91, "T", "SMD", "U7_10", "", "R", 9.84, 29.53, 0, 180],
		[106, "U7_11", 581.85, 218.91, "T", "SMD", "U7_11", "", "R", 9.84, 29.53, 0, 180],
		[107, "U7_12", 601.5, 218.91, "T", "SMD", "U7_12", "", "R", 9.84, 29.53, 0, 180],
		[108, "U7_13", 629.09, 246.47, "T", "SMD", "U7_13", "", "R", 29.53, 9.84, 0, 180],
		[109, "U7_14", 629.09, 266.15, "T", "SMD", "U7_14", "", "R", 29.53, 9.84, 0, 180],
		[110, "U7_15", 629.09, 285.84, "T", "SMD", "U7_15", "", "R", 29.53, 9.84, 0, 180],
		[111, "U7_16", 629.08, 305.52, "T", "SMD", "U7_16", "", "R", 29.53, 9.84, 0, 180],
		[112, "U7_17", 571.99, 276, "T", "SMD", "GND", "GND", "R", 66.93, 66.93, 0, 180],
		[113, "U8_1", 764.5, 977.55, "T", "SMD", "GND", "GND", "R", 97.05, 41.34, 0, 180],
		[114, "U8_2", 764.5, 887, "T", "SMD", "+5V", "", "R", 97.05, 41.34, 0, 180],
		[115, "U8_3", 764.5, 796.45, "T", "SMD", "VBUS", "", "R", 97.05, 41.34, 0, 180],
		[116, "U8_4", 989.5, 887, "T", "SMD", "U8_4", "", "R", 97.05, 139.37, 0, 180],
		[117, "USB1_1", 310.04, 381.89, "T", "SMD", "GND", "GND", "R", 21.65, 43.31, 0, 270],
		[118, "USB1_2", 310.04, 350.39, "T", "SMD", "VBUS_5V", "", "R", 21.65, 43.31, 0, 270],
		[119, "USB1_3", 310.04, 324.8, "T", "SMD", "USB1_3", "", "R", 11.81, 43.31, 0, 270],
		[120, "USB1_4", 310.04, 305.11, "T", "SMD", "USB1_4", "", "R", 11.81, 43.31, 0, 270],
		[121, "USB1_5", 310.04, 285.43, "T", "SMD", "UD-", "", "R", 11.81, 43.31, 0, 270],
		[122, "USB1_6", 310.04, 265.75, "T", "SMD", "UD+", "", "R", 11.81, 43.31, 0, 270],
		[123, "USB1_7", 310.04, 246.06, "T", "SMD", "UD-", "", "R", 11.81, 43.31, 0, 270],
		[124, "USB1_8", 310.04, 226.38, "T", "SMD", "UD+", "", "R", 11.81, 43.31, 0, 270],
		[125, "USB1_9", 310.04, 206.69, "T", "SMD", "USB1_9", "", "R", 11.81, 43.31, 0, 270],
		[126, "USB1_10", 310.04, 187, "T", "SMD", "USB1_10", "", "R", 11.81, 43.31, 0, 270],
		[127, "USB1_11", 310.04, 161.41, "T", "SMD", "VBUS_5V", "", "R", 21.65, 43.31, 0, 270],
		[128, "USB1_12", 310.04, 129.92, "T", "SMD", "GND", "GND", "R", 21.65, 43.31, 0, 270],
		[129, "USB1_13", 288.39, 426.18, "T", "DIP", "GND", "GND", "O", 43.31, 78.74, 59.05, 270],
		[130, "USB1_13", 288.39, 426.18, "B", "DIP", "GND", "GND", "O", 43.31, 78.74, 59.05, 270],
		[131, "USB1_13", 123.03, 426.18, "T", "DIP", "GND", "GND", "O", 47.24, 70.87, 47.24, 270],
		[132, "USB1_13", 123.03, 426.18, "B", "DIP", "GND", "GND", "O", 47.24, 70.87, 47.24, 270],
		[133, "USB1_14", 288.39, 85.63, "T", "DIP", "GND", "GND", "O", 43.31, 78.74, 59.06, 270],
		[134, "USB1_14", 288.39, 85.63, "B", "DIP", "GND", "GND", "O", 43.31, 78.74, 59.06, 270],
		[135, "USB1_14", 123.03, 85.63, "T", "DIP", "GND", "GND", "O", 47.24, 70.87, 47.24, 270],
		[136, "USB1_14", 123.03, 85.63, "B", "DIP", "GND", "GND", "O", 47.24, 70.87, 47.24, 270],
		[137, "USB2_3", 267.72, 558.27, "T", "DIP", "GND", "GND", "O", 70.87, 43.31, 51.18, 0],
		[138, "USB2_3", 267.72, 558.27, "B", "DIP", "GND", "GND", "O", 70.87, 43.31, 51.18, 0],
		[139, "USB2_4", 112.2, 558.27, "T", "DIP", "GND", "GND", "O", 43.31, 106.3, 86.61, 270],
		[140, "USB2_4", 112.2, 558.27, "B", "DIP", "GND", "GND", "O", 43.31, 106.3, 86.61, 270],
		[141, "USB2_5", 112.2, 898.43, "T", "DIP", "GND", "GND", "O", 43.31, 106.3, 86.61, 270],
		[142, "USB2_5", 112.2, 898.43, "B", "DIP", "GND", "GND", "O", 43.31, 106.3, 86.61, 270],
		[143, "USB2_6", 267.72, 898.43, "T", "DIP", "GND", "GND", "O", 70.87, 43.31, 51.18, 0],
		[144, "USB2_6", 267.72, 898.43, "B", "DIP", "GND", "GND", "O", 70.87, 43.31, 51.18, 0],
		[145, "USB2_A9", 281.5, 668.5, "T", "DIP", "$1N8001", "", "C", 43.31, 43.31, 31.5, 270],
		[146, "USB2_A9", 281.5, 668.5, "B", "DIP", "$1N8001", "", "C", 43.31, 43.31, 31.5, 270],
		[147, "USB2_B12", 281.5, 788.19, "T", "DIP", "GND", "GND", "C", 43.31, 43.31, 31.5, 270],
		[148, "USB2_B12", 281.5, 788.19, "B", "DIP", "GND", "GND", "C", 43.31, 43.31, 31.5, 270]
	]
}
}