{
"lengthUnit": "mil",
"components": {
	"fields": ["COMPONENT_NO", "COMPONENT_NAME", "LAYER", "X_COORDINATE", "Y_COORDINATE", "ANGLE"],
	"rows": [
		[1, "C1", "B", -979, -167, 90],
		[2, "C2", "B", -976.38, 345, 270],
		[3, "C3", "B", -976.38, 521, 270],
		[4, "C4", "B", -685.04, 345, 270],
		[5, "C5", "B", -685.04, 521, 270],
		[6, "C6", "B", -1040, -167, 270],
		[7, "C7", "B", -1145.67, -41.19, 180],
		[8, "C8", "B", -262, 345, 270],
		[9, "C9", "B", -265, 521, 270],
		[10, "C10", "B", -685, -579, 270],
		[11, "C11", "B", -685, -404, 270],
		[12, "C12", "B", -673, 798, 180],
		[13, "C13", "B", -607, 243, 0],
		[14, "C14", "B", -868, 844, 270],
		[15, "C15", "B", -626, 62, 0],
		[16, "C16", "B", 561, 345, 270],
		[17, "C17", "B", 559, 521, 270],
		[18, "C18", "B", 143.16, 345.96, 270],
		[19, "C19", "B", 141, 521, 270],
		[20, "C20", "B", 1271, 345, 270],
		[21, "C21", "B", 1271, 521, 270],
		[22, "C22", "B", 143, -797, 270],
		[23, "C23", "B", 142, -621, 270],
		[24, "C24", "B", 886, 799, 180],
		[25, "C25", "B", -264, -781, 180],
		[26, "C26", "B", 686, 847, 270],
		[27, "C27", "B", -475, -735, 270],
		[28, "C28", "B", -1385, -399, 270],
		[29, "C29", "B", 560, -236, 0],
		[30, "C30", "B", 959, -91, 180],
		[31, "C31", "B", 1135, -94, 180],
		[32, "C32", "B", 968, 347, 270],
		[33, "C33", "B", 968, 521, 270],
		[34, "C34", "B", -1309, -266, 0],
		[35, "C35", "B", -601, -826, 270],
		[36, "C36", "B", -1016.66, -359.66, 180],
		[37, "C37", "B", -837.66, -732.66, 180],
		[38, "C38", "B", -711.66, -781.66, 270],
		[39, "C39", "B", 964.09, -545.91, 180],
		[40, "C40", "B", 1140.09, -545.91, 180],
		[41, "C41", "B", 973, -796, 270],
		[42, "C42", "B", 974, -621, 270],
		[43, "C43", "B", 1412, -202, 270],
		[44, "C44", "B", 624, 263, 0],
		[45, "C45", "B", 1240, -183, 270],
		[46, "C46", "B", 606, 93, 0],
		[47, "CN1", "B", 275.59, -133.86, 270],
		[48, "CN2", "B", -275.59, -133.86, 270],
		[49, "D1", "B", -1385, -658, 270],
		[50, "F1", "B", -1134, -203, 90],
		[51, "H1", "T", -826.77, 688.98, 180],
		[52, "H2", "T", -826.77, -255.91, 180],
		[53, "H3", "T", 0, 688.98, 180],
		[54, "H4", "T", 0, -255.91, 180],
		[55, "H5", "T", 826.77, 688.98, 180],
		[56, "H6", "T", 826.77, -255.91, 180],
		[57, "L1", "B", -263, 211, 0],
		[58, "L2", "B", 782, -82, 90],
		[59, "L3", "B", 262, 211, 0],
		[60, "L4", "B", -1105, -795, 180],
		[61, "R1", "B", -675, 870, 0],
		[62, "R2", "B", -704, 196, 90],
		[63, "R3", "B", 887, 876, 0],
		[64, "R4", "B", -345, -657, 0],
		[65, "R5", "B", 482, -298, 270],
		[66, "R6", "B", -1016.66, -571.66, 180],
		[67, "R7", "B", -837.66, -821.66, 180],
		[68, "R8", "B", -1017.4, -486.66, 180],
		[69, "R9", "B", 1363, -109, 0],
		[70, "R10", "B", 529, 215, 90],
		[71, "SW1", "B", 604, -315, 0],
		[72, "TP1", "T", -1377.95, 866.14, 0],
		[73, "TP2", "T", -1377.95, -866.14, 0],
		[74, "TP3", "T", 1377.95, 866.14, 0],
		[75, "TP4", "T", 1377.95, -866.14, 0],
		[76, "U1", "B", -1117, 433, 180],
		[77, "U2", "B", -827, 433.07, 180],
		[78, "U3", "B", -1008, -20, 180],
		[79, "U4", "B", -408, 433.07, 180],
		[80, "U5", "B", -826, -492.13, 180],
		[81, "U6", "B", -787.4, 834.58, 90],
		[82, "U7", "B", -616.13, 156.74, 180],
		[83, "U8", "B", 418.96, 433.07, 180],
		[84, "U9", "B", -1, 433, 180],
		[85, "U10", "B", 1128, 433.07, 180],
		[86, "U11", "B", 0, -708.66, 180],
		[87, "U12", "B", 770.1, 836.89, 90],
		[88, "U13", "B", -384.62, -744.11, 90],
		[89, "U14", "B", -1220.07, -465.86, 0],
		[90, "U15", "B", 1047, 53, 90],
		[91, "U16", "B", 826, 433, 180],
		[92, "U17", "B", 1052.09, -403.91, 90],
		[93, "U18", "B", 827, -708.66, 180],
		[94, "U19", "B", 1321.1, -192.73, 90],
		[95, "U20", "B", 615.11, 175.62, 180],
		[96, "USB1", "B", -1324.8, 0, 90],
		[97, "X1", "B", -1122.05, 826.77, 0],
		[98, "X2", "B", -413.39, 826.77, 0],
		[99, "X3", "B", 413.39, 826.77, 0],
		[100, "X4", "B", 1122.05, 826.77, 0],
		[101, "X5", "B", 1338.58, 59.06, 270],
		[102, "X6", "B", 1338, -409, 270]
	]
},
"pins": {
	"fields": ["PIN_NO", "PIN_NAME", "PIN_X", "PIN_Y", "LAYER", "PIN_TYPE", "NET_NAME", "NET_TYPE", "PAD_SHAPE", "PAD_SIZEX", "PAD_SIZEY", "HOLE_SIZE", "PAD_ANGLE"],
	"rows": [
		[1, "C1_1", -979, -188.46, "B", "SMD", "GND", "GND", "R", 31.11, 21.26, 0, 90],
		[2, "C1_2", -979, -145.54, "B", "SMD", "FPGA_3V3", "", "R", 31.11, 21.26, 0, 90],
		[3, "C2_1", -976.38, 366.46, "B", "SMD", "GND", "GND", "R", 31.11, 21.26, 0, 270],
		[4, "C2_2", -976.38, 323.54, "B", "SMD", "FPGA_3V3", "", "R", 31.11, 21.26, 0, 270],
		[5, "C3_1", -976.38, 542.46, "B", "SMD", "VCC_F1", "", "R", 31.11, 21.26, 0, 270],
		[6, "C3_2", -976.38, 499.54, "B", "SMD", "GND", "GND", "R", 31.11, 21.26, 0, 270],
		[7, "C4_1", -685.04, 366.46, "B", "SMD", "GND", "GND", "R", 31.11, 21.26, 0, 270],
		[8, "C4_2", -685.04, 323.54, "B", "SMD", "FPGA_3V3", "", "R", 31.11, 21.26, 0, 270],
		[9, "C5_1", -685.04, 542.46, "B", "SMD", "VCC_PA", "", "R", 31.11, 21.26, 0, 270],
		[10, "C5_2", -685.04, 499.54, "B", "SMD", "GND", "GND", "R", 31.11, 21.26, 0, 270],
		[11, "C6_1", -1040, -145.54, "B", "SMD", "VBUS", "", "R", 31.11, 21.26, 0, 270],
		[12, "C6_2", -1040, -188.46, "B", "SMD", "GND", "GND", "R", 31.11, 21.26, 0, 270],
		[13, "C7_1", -1124.21, -41.19, "B", "SMD", "$1N23739", "", "R", 31.11, 21.26, 0, 180],
		[14, "C7_2", -1167.13, -41.19, "B", "SMD", "GND", "GND", "R", 31.11, 21.26, 0, 180],
		[15, "C8_1", -262, 366.46, "B", "SMD", "GND", "GND", "R", 31.11, 21.26, 0, 270],
		[16, "C8_2", -262, 323.54, "B", "SMD", "FPGA_3V3", "", "R", 31.11, 21.26, 0, 270],
		[17, "C9_1", -265, 542.46, "B", "SMD", "VCC_F1", "", "R", 31.11, 21.26, 0, 270],
		[18, "C9_2", -265, 499.54, "B", "SMD", "GND", "GND", "R", 31.11, 21.26, 0, 270],
		[19, "C10_1", -685, -557.54, "B", "SMD", "GND", "GND", "R", 31.11, 21.26, 0, 270],
		[20, "C10_2", -685, -600.46, "B", "SMD", "FPGA_3V3", "", "R", 31.11, 21.26, 0, 270],
		[21, "C11_1", -685, -382.54, "B", "SMD", "VCC_PA", "", "R", 31.11, 21.26, 0, 270],
		[22, "C11_2", -685, -425.46, "B", "SMD", "GND", "GND", "R", 31.11, 21.26, 0, 270],
		[23, "C12_1", -645.44, 798, "B", "SMD", "GND", "GND", "R", 31.5, 35.43, 0, 180],
		[24, "C12_2", -700.56, 798, "B", "SMD", "$1N62815", "", "R", 31.5, 35.43, 0, 180],
		[25, "C13_1", -634.56, 243, "B", "SMD", "GND", "GND", "R", 31.5, 35.43, 0, 0],
		[26, "C13_2", -579.44, 243, "B", "SMD", "$1N62824", "", "R", 31.5, 35.43, 0, 0],
		[27, "C14_1", -868, 871.56, "B", "SMD", "VCC_F1", "", "R", 31.5, 35.43, 0, 270],
		[28, "C14_2", -868, 816.44, "B", "SMD", "GND", "GND", "R", 31.5, 35.43, 0, 270],
		[29, "C15_1", -653.56, 62, "B", "SMD", "VCC_PA", "", "R", 31.5, 35.43, 0, 0],
		[30, "C15_2", -598.44, 62, "B", "SMD", "GND", "GND", "R", 31.5, 35.43, 0, 0],
		[31, "C16_1", 561, 366.46, "B", "SMD", "GND", "GND", "R", 31.11, 21.26, 0, 270],
		[32, "C16_2", 561, 323.54, "B", "SMD", "FPGA_3V3", "", "R", 31.11, 21.26, 0, 270],
		[33, "C17_1", 559, 542.46, "B", "SMD", "VCC_F2", "", "R", 31.11, 21.26, 0, 270],
		[34, "C17_2", 559, 499.54, "B", "SMD", "GND", "GND", "R", 31.11, 21.26, 0, 270],
		[35, "C18_1", 143.16, 367.42, "B", "SMD", "GND", "GND", "R", 31.11, 21.26, 0, 270],
		[36, "C18_2", 143.16, 324.5, "B", "SMD", "FPGA_3V3", "", "R", 31.11, 21.26, 0, 270],
		[37, "C19_1", 141, 542.46, "B", "SMD", "VCC_PB", "", "R", 31.11, 21.26, 0, 270],
		[38, "C19_2", 141, 499.54, "B", "SMD", "GND", "GND", "R", 31.11, 21.26, 0, 270],
		[39, "C20_1", 1271, 366.46, "B", "SMD", "GND", "GND", "R", 31.11, 21.26, 0, 270],
		[40, "C20_2", 1271, 323.54, "B", "SMD", "FPGA_3V3", "", "R", 31.11, 21.26, 0, 270],
		[41, "C21_1", 1271, 542.46, "B", "SMD", "VCC_F2", "", "R", 31.11, 21.26, 0, 270],
		[42, "C21_2", 1271, 499.54, "B", "SMD", "GND", "GND", "R", 31.11, 21.26, 0, 270],
		[43, "C22_1", 143, -775.54, "B", "SMD", "GND", "GND", "R", 31.11, 21.26, 0, 270],
		[44, "C22_2", 143, -818.46, "B", "SMD", "FPGA_3V3", "", "R", 31.11, 21.26, 0, 270],
		[45, "C23_1", 142, -599.54, "B", "SMD", "VCC_PB", "", "R", 31.11, 21.26, 0, 270],
		[46, "C23_2", 142, -642.46, "B", "SMD", "GND", "GND", "R", 31.11, 21.26, 0, 270],
		[47, "C24_1", 913.56, 799, "B", "SMD", "GND", "GND", "R", 31.5, 35.43, 0, 180],
		[48, "C24_2", 858.44, 799, "B", "SMD", "$1N62806", "", "R", 31.5, 35.43, 0, 180],
		[49, "C25_1", -236.44, -781, "B", "SMD", "GND", "GND", "R", 31.5, 35.43, 0, 180],
		[50, "C25_2", -291.56, -781, "B", "SMD", "$1N62833", "", "R", 31.5, 35.43, 0, 180],
		[51, "C26_1", 686, 874.56, "B", "SMD", "VCC_F2", "", "R", 31.5, 35.43, 0, 270],
		[52, "C26_2", 686, 819.44, "B", "SMD", "GND", "GND", "R", 31.5, 35.43, 0, 270],
		[53, "C27_1", -475, -707.44, "B", "SMD", "VCC_PB", "", "R", 31.5, 35.43, 0, 270],
		[54, "C27_2", -475, -762.56, "B", "SMD", "GND", "GND", "R", 31.5, 35.43, 0, 270],
		[55, "C28_1", -1385, -359.63, "B", "SMD", "$1N41599", "", "R", 55.51, 53.15, 0, 270],
		[56, "C28_2", -1385, -438.37, "B", "SMD", "$1N41600", "", "R", 55.51, 53.15, 0, 270],
		[57, "C29_1", 538.54, -236, "B", "SMD", "K10_IOT15B", "", "R", 31.11, 21.26, 0, 0],
		[58, "C29_2", 581.46, -236, "B", "SMD", "GND", "GND", "R", 31.11, 21.26, 0, 0],
		[59, "C30_1", 980.46, -91, "B", "SMD", "GND", "GND", "R", 31.11, 21.26, 0, 180],
		[60, "C30_2", 937.54, -91, "B", "SMD", "FPGA_3V3", "", "R", 31.11, 21.26, 0, 180],
		[61, "C31_1", 1156.46, -94, "B", "SMD", "VCC_F3", "", "R", 31.11, 21.26, 0, 180],
		[62, "C31_2", 1113.54, -94, "B", "SMD", "GND", "GND", "R", 31.11, 21.26, 0, 180],
		[63, "C32_1", 968, 368.46, "B", "SMD", "GND", "GND", "R", 31.11, 21.26, 0, 270],
		[64, "C32_2", 968, 325.54, "B", "SMD", "FPGA_3V3", "", "R", 31.11, 21.26, 0, 270],
		[65, "C33_1", 968, 542.46, "B", "SMD", "VCC_PC", "", "R", 31.11, 21.26, 0, 270],
		[66, "C33_2", 968, 499.54, "B", "SMD", "GND", "GND", "R", 31.11, 21.26, 0, 270],
		[67, "C34_1", -1371.7, -266, "B", "SMD", "GND", "GND", "R", 58.47, 68.03, 0, 0],
		[68, "C34_2", -1246.3, -266, "B", "SMD", "+5V", "", "R", 58.47, 68.03, 0, 0],
		[69, "C35_1", -601, -763.3, "B", "SMD", "GND", "GND", "R", 58.47, 68.03, 0, 270],
		[70, "C35_2", -601, -888.7, "B", "SMD", "+3.3V", "", "R", 58.47, 68.03, 0, 270],
		[71, "C36_1", -977.29, -359.66, "B", "SMD", "GND", "GND", "R", 55.51, 53.15, 0, 180],
		[72, "C36_2", -1056.03, -359.66, "B", "SMD", "$1N41595", "", "R", 55.51, 53.15, 0, 180],
		[73, "C37_1", -798.29, -732.66, "B", "SMD", "GND", "GND", "R", 55.51, 53.15, 0, 180],
		[74, "C37_2", -877.03, -732.66, "B", "SMD", "$1N41597", "", "R", 55.51, 53.15, 0, 180],
		[75, "C38_1", -711.66, -742.29, "B", "SMD", "GND", "GND", "R", 55.51, 53.15, 0, 270],
		[76, "C38_2", -711.66, -821.03, "B", "SMD", "$1N41596", "", "R", 55.51, 53.15, 0, 270],
		[77, "C39_1", 985.55, -545.91, "B", "SMD", "GND", "GND", "R", 31.11, 21.26, 0, 180],
		[78, "C39_2", 942.63, -545.91, "B", "SMD", "FPGA_3V3", "", "R", 31.11, 21.26, 0, 180],
		[79, "C40_1", 1161.55, -545.91, "B", "SMD", "VCC_F3", "", "R", 31.11, 21.26, 0, 180],
		[80, "C40_2", 1118.63, -545.91, "B", "SMD", "GND", "GND", "R", 31.11, 21.26, 0, 180],
		[81, "C41_1", 973, -774.54, "B", "SMD", "GND", "GND", "R", 31.11, 21.26, 0, 270],
		[82, "C41_2", 973, -817.46, "B", "SMD", "FPGA_3V3", "", "R", 31.11, 21.26, 0, 270],
		[83, "C42_1", 974, -599.54, "B", "SMD", "VCC_PC", "", "R", 31.11, 21.26, 0, 270],
		[84, "C42_2", 974, -642.46, "B", "SMD", "GND", "GND", "R", 31.11, 21.26, 0, 270],
		[85, "C43_1", 1412, -174.44, "B", "SMD", "GND", "GND", "R", 31.5, 35.43, 0, 270],
		[86, "C43_2", 1412, -229.56, "B", "SMD", "$1N62801", "", "R", 31.5, 35.43, 0, 270],
		[87, "C44_1", 596.44, 263, "B", "SMD", "GND", "GND", "R", 31.5, 35.43, 0, 0],
		[88, "C44_2", 651.56, 263, "B", "SMD", "$1N62788", "", "R", 31.5, 35.43, 0, 0],
		[89, "C45_1", 1240, -155.44, "B", "SMD", "VCC_F3", "", "R", 31.5, 35.43, 0, 270],
		[90, "C45_2", 1240, -210.56, "B", "SMD", "GND", "GND", "R", 31.5, 35.43, 0, 270],
		[91, "C46_1", 578.44, 93, "B", "SMD", "VCC_PC", "", "R", 31.5, 35.43, 0, 0],
		[92, "C46_2", 633.56, 93, "B", "SMD", "GND", "GND", "R", 31.5, 35.43, 0, 0],
		[93, "CN1_1", 214.96, 94.49, "B", "SMD", "GND", "GND", "R", 7.87, 39.37, 0, 270],
		[94, "CN1_2", 336.22, 94.49, "B", "SMD", "GND", "GND", "R", 7.87, 39.37, 0, 270],
		[95, "CN1_3", 214.96, 78.74, "B", "SMD", "L9_IOT31A", "", "R", 7.87, 39.37, 0, 270],
		[96, "CN1_4", 336.22, 78.74, "B", "SMD", "F2_0/TX", "", "R", 7.87, 39.37, 0, 270],
		[97, "CN1_5", 214.96, 62.99, "B", "SMD", "K9_IOT31B", "", "R", 7.87, 39.37, 0, 270],
		[98, "CN1_6", 336.22, 62.99, "B", "SMD", "F2_0/RX", "", "R", 7.87, 39.37, 0, 270],
		[99, "CN1_7", 214.96, 47.25, "B", "SMD", "J8_IOT56A", "", "R", 7.87, 39.37, 0, 270],
		[100, "CN1_8", 336.22, 47.25, "B", "SMD", "L5_IOT63A", "", "R", 7.87, 39.37, 0, 270],
		[101, "CN1_9", 214.96, 32.72, "B", "SMD", "K8_IOT56B", "", "R", 7.87, 39.37, 0, 270],
		[102, "CN1_10", 336.22, 31.5, "B", "SMD", "K5_IOT63B", "", "R", 7.87, 39.37, 0, 270],
		[103, "CN1_11", 214.96, 15.75, "B", "SMD", "F7_IOT58A", "", "R", 7.87, 39.37, 0, 270],
		[104, "CN1_12", 336.22, 15.75, "B", "SMD", "H8_IOT66A", "", "R", 7.87, 39.37, 0, 270],
		[105, "CN1_13", 214.96, 0, "B", "SMD", "F6_IOT58B", "", "R", 7.87, 39.37, 0, 270],
		[106, "CN1_14", 336.22, 0, "B", "SMD", "H7_IOT66B", "", "R", 7.87, 39.37, 0, 270],
		[107, "CN1_15", 214.96, -15.75, "B", "SMD", "GND", "GND", "R", 7.87, 39.37, 0, 270],
		[108, "CN1_16", 336.22, -15.75, "B", "SMD", "G7_IOT68A", "", "R", 7.87, 39.37, 0, 270],
		[109, "CN1_17", 214.96, -31.49, "B", "SMD", "E8_READY", "", "R", 7.87, 39.37, 0, 270],
		[110, "CN1_18", 336.22, -31.49, "B", "SMD", "G8_IOT68B", "", "R", 7.87, 39.37, 0, 270],
		[111, "CN1_19", 214.96, -47.24, "B", "SMD", "B3_IOB56A", "", "R", 7.87, 39.37, 0, 270],
		[112, "CN1_20", 336.22, -47.24, "B", "SMD", "F2_1/TX", "", "R", 7.87, 39.37, 0, 270],
		[113, "CN1_21", 214.96, -62.99, "B", "SMD", "C3_IOB56B", "", "R", 7.87, 39.37, 0, 270],
		[114, "CN1_22", 336.22, -62.99, "B", "SMD", "F2_1/RX", "", "R", 7.87, 39.37, 0, 270],
		[115, "CN1_23", 214.96, -78.73, "B", "SMD", "E3_IOB60A", "", "R", 7.87, 39.37, 0, 270],
		[116, "CN1_24", 336.22, -78.74, "B", "SMD", "VCCIO0/1", "", "R", 7.87, 39.37, 0, 270],
		[117, "CN1_25", 214.96, -94.48, "B", "SMD", "D7_DONE", "", "R", 7.87, 39.37, 0, 270],
		[118, "CN1_26", 336.22, -94.49, "B", "SMD", "VCCIO0/1", "", "R", 7.87, 39.37, 0, 270],
		[119, "CN1_27", 214.96, -110.23, "B", "SMD", "GND", "GND", "R", 7.87, 39.37, 0, 270],
		[120, "CN1_28", 336.22, -110.23, "B", "SMD", "GND", "GND", "R", 7.87, 39.37, 0, 270],
		[121, "CN1_29", 214.96, -125.98, "B", "SMD", "VCCIO6/7", "", "R", 7.87, 39.37, 0, 270],
		[122, "CN1_30", 336.22, -125.98, "B", "SMD", "L6_IOT23A", "", "R", 7.87, 39.37, 0, 270],
		[123, "CN1_31", 214.96, -141.73, "B", "SMD", "VCCIO6/7", "", "R", 7.87, 39.37, 0, 90],
		[124, "CN1_32", 336.22, -141.73, "B", "SMD", "K6_IOT23B", "", "R", 7.87, 39.37, 0, 270],
		[125, "CN1_33", 214.96, -157.48, "B", "SMD", "J11_IOT1A", "", "R", 7.87, 39.37, 0, 90],
		[126, "CN1_34", 336.22, -157.48, "B", "SMD", "F3_0/TX", "", "R", 7.87, 39.37, 0, 270],
		[127, "CN1_35", 214.96, -173.22, "B", "SMD", "J10_IOT1B", "", "R", 7.87, 39.37, 0, 90],
		[128, "CN1_36", 336.22, -173.23, "B", "SMD", "F3_0/RX", "", "R", 7.87, 39.37, 0, 270],
		[129, "CN1_37", 214.96, -188.97, "B", "SMD", "H11_IOT3A", "", "R", 7.87, 39.37, 0, 90],
		[130, "CN1_38", 336.22, -188.97, "B", "SMD", "F3_1/RX", "", "R", 7.87, 39.37, 0, 270],
		[131, "CN1_39", 214.96, -204.72, "B", "SMD", "H10_IOT3B", "", "R", 7.87, 39.37, 0, 90],
		[132, "CN1_40", 336.22, -204.72, "B", "SMD", "F3_1/TX", "", "R", 7.87, 39.37, 0, 270],
		[133, "CN1_41", 214.96, -220.47, "B", "SMD", "G11_IOT7A", "", "R", 7.87, 39.37, 0, 90],
		[134, "CN1_42", 336.22, -220.47, "B", "SMD", "L10_IOT15A", "", "R", 7.87, 39.37, 0, 270],
		[135, "CN1_43", 214.96, -236.22, "B", "SMD", "G10_IOT7B", "", "R", 7.87, 39.37, 0, 90],
		[136, "CN1_44", 336.22, -236.22, "B", "SMD", "K10_IOT15B", "", "R", 7.87, 39.37, 0, 270],
		[137, "CN1_45", 214.96, -251.96, "B", "SMD", "GND", "GND", "R", 7.87, 39.37, 0, 90],
		[138, "CN1_46", 336.22, -251.97, "B", "SMD", "K11_IOT11A", "", "R", 7.87, 39.37, 0, 270],
		[139, "CN1_47", 214.96, -267.71, "B", "SMD", "D11_IOL9A", "", "R", 7.87, 39.37, 0, 90],
		[140, "CN1_48", 336.22, -267.71, "B", "SMD", "L11_IOT11B", "", "R", 7.87, 39.37, 0, 270],
		[141, "CN1_49", 214.96, -283.46, "B", "SMD", "D10_IOL9B", "", "R", 7.87, 39.37, 0, 90],
		[142, "CN1_50", 336.22, -283.46, "B", "SMD", "GND", "GND", "R", 7.87, 39.37, 0, 270],
		[143, "CN1_51", 214.96, -299.21, "B", "SMD", "C11_IOL5A", "", "R", 7.87, 39.37, 0, 90],
		[144, "CN1_52", 336.22, -299.21, "B", "SMD", "E11_IOL3A", "", "R", 7.87, 39.37, 0, 270],
		[145, "CN1_53", 214.96, -314.96, "B", "SMD", "C10_IOL5B", "", "R", 7.87, 39.37, 0, 90],
		[146, "CN1_54", 336.22, -314.96, "B", "SMD", "E10_IOL3B", "", "R", 7.87, 39.37, 0, 270],
		[147, "CN1_55", 214.96, -330.7, "B", "SMD", "B11_IOL12A", "", "R", 7.87, 39.37, 0, 90],
		[148, "CN1_56", 336.22, -330.71, "B", "SMD", "A11_IOL14A", "", "R", 7.87, 39.37, 0, 270],
		[149, "CN1_57", 214.96, -346.45, "B", "SMD", "B10_IOL12B", "", "R", 7.87, 39.37, 0, 90],
		[150, "CN1_58", 336.22, -346.45, "B", "SMD", "A10_IOL14B", "", "R", 7.87, 39.37, 0, 270],
		[151, "CN1_59", 214.96, -362.2, "B", "SMD", "GND", "GND", "R", 7.87, 39.37, 0, 90],
		[152, "CN1_60", 336.22, -362.2, "B", "SMD", "GND", "GND", "R", 7.87, 39.37, 0, 270],
		[153, "CN2_1", -336.22, 94.49, "B", "SMD", "GND", "GND", "R", 7.87, 39.37, 0, 270],
		[154, "CN2_2", -214.96, 94.49, "B", "SMD", "VCCIO2/3", "", "R", 7.87, 39.37, 0, 270],
		[155, "CN2_3", -336.22, 78.74, "B", "SMD", "B2_IOB4A", "", "R", 7.87, 39.37, 0, 270],
		[156, "CN2_4", -214.96, 78.74, "B", "SMD", "VCCIO2/3", "", "R", 7.87, 39.37, 0, 270],
		[157, "CN2_5", -336.22, 62.99, "B", "SMD", "C2_IOB4B", "", "R", 7.87, 39.37, 0, 270],
		[158, "CN2_6", -214.96, 62.99, "B", "SMD", "L2_IOR18A_", "", "R", 7.87, 39.37, 0, 270],
		[159, "CN2_7", -336.22, 47.25, "B", "SMD", "F2_IOB26A", "", "R", 7.87, 39.37, 0, 270],
		[160, "CN2_8", -214.96, 47.25, "B", "SMD", "L1_IOR18B", "", "R", 7.87, 39.37, 0, 270],
		[161, "CN2_9", -336.22, 32.72, "B", "SMD", "F1_IOB26B", "", "R", 7.87, 39.37, 0, 270],
		[162, "CN2_10", -214.96, 31.5, "B", "SMD", "F1_0/RX", "", "R", 7.87, 39.37, 0, 270],
		[163, "CN2_11", -336.22, 15.75, "B", "SMD", "A1_IOB24A", "", "R", 7.87, 39.37, 0, 270],
		[164, "CN2_12", -214.96, 15.75, "B", "SMD", "F1_0/TX", "", "R", 7.87, 39.37, 0, 270],
		[165, "CN2_13", -336.22, 0, "B", "SMD", "D8_RECONFIG", "", "R", 7.87, 39.37, 0, 270],
		[166, "CN2_14", -214.96, 0, "B", "SMD", "J4_IOR22A", "", "R", 7.87, 39.37, 0, 270],
		[167, "CN2_15", -336.22, -15.75, "B", "SMD", "E1_IOB12B", "", "R", 7.87, 39.37, 0, 270],
		[168, "CN2_16", -214.96, -15.75, "B", "SMD", "K4_IOR22B", "", "R", 7.87, 39.37, 0, 270],
		[169, "CN2_17", -336.22, -31.49, "B", "SMD", "D1_IOB14B", "", "R", 7.87, 39.37, 0, 270],
		[170, "CN2_18", -214.96, -31.49, "B", "SMD", "G2_IOR24A", "", "R", 7.87, 39.37, 0, 270],
		[171, "CN2_19", -336.22, -47.24, "B", "SMD", "GND", "GND", "R", 7.87, 39.37, 0, 270],
		[172, "CN2_20", -214.96, -47.24, "B", "SMD", "G1_IOR24B", "", "R", 7.87, 39.37, 0, 270],
		[173, "CN2_21", -336.22, -62.99, "B", "SMD", "C1_JTAG_TCK", "", "R", 7.87, 39.37, 0, 270],
		[174, "CN2_22", -214.96, -62.99, "B", "SMD", "L4_IOR31A", "", "R", 7.87, 39.37, 0, 270],
		[175, "CN2_23", -336.22, -78.73, "B", "SMD", "B1_JTAG_TMS", "", "R", 7.87, 39.37, 0, 270],
		[176, "CN2_24", -214.96, -78.74, "B", "SMD", "L3_IOR31B", "", "R", 7.87, 39.37, 0, 270],
		[177, "CN2_25", -336.22, -94.48, "B", "SMD", "A2_JTAG_TDO", "", "R", 7.87, 39.37, 0, 270],
		[178, "CN2_26", -214.96, -94.49, "B", "SMD", "J1_IOR33A", "", "R", 7.87, 39.37, 0, 270],
		[179, "CN2_27", -336.22, -110.23, "B", "SMD", "A3_JTAG_TDI", "", "R", 7.87, 39.37, 0, 270],
		[180, "CN2_28", -214.96, -110.23, "B", "SMD", "J2_IOR33B", "", "R", 7.87, 39.37, 0, 270],
		[181, "CN2_29", -336.22, -125.98, "B", "SMD", "GND", "GND", "R", 7.87, 39.37, 0, 270],
		[182, "CN2_30", -214.96, -125.98, "B", "SMD", "G4_IOB89A", "", "R", 7.87, 39.37, 0, 270],
		[183, "CN2_31", -336.22, -141.73, "B", "SMD", "CN2_31", "", "R", 7.87, 39.37, 0, 90],
		[184, "CN2_32", -214.96, -141.73, "B", "SMD", "H4_IOB89B", "", "R", 7.87, 39.37, 0, 270],
		[185, "CN2_33", -336.22, -157.48, "B", "SMD", "CN2_33", "", "R", 7.87, 39.37, 0, 90],
		[186, "CN2_34", -214.96, -157.48, "B", "SMD", "H1_IOB91A", "", "R", 7.87, 39.37, 0, 270],
		[187, "CN2_35", -336.22, -173.22, "B", "SMD", "GND", "GND", "R", 7.87, 39.37, 0, 90],
		[188, "CN2_36", -214.96, -173.23, "B", "SMD", "H2_IOB91B", "", "R", 7.87, 39.37, 0, 270],
		[189, "CN2_37", -336.22, -188.97, "B", "SMD", "CN2_37", "", "R", 7.87, 39.37, 0, 90],
		[190, "CN2_38", -214.96, -188.97, "B", "SMD", "CN2_38", "", "R", 7.87, 39.37, 0, 270],
		[191, "CN2_39", -336.22, -204.72, "B", "SMD", "CN2_39", "", "R", 7.87, 39.37, 0, 90],
		[192, "CN2_40", -214.96, -204.72, "B", "SMD", "CN2_40", "", "R", 7.87, 39.37, 0, 270],
		[193, "CN2_41", -336.22, -220.47, "B", "SMD", "GND", "GND", "R", 7.87, 39.37, 0, 90],
		[194, "CN2_42", -214.96, -220.47, "B", "SMD", "CN2_42", "", "R", 7.87, 39.37, 0, 270],
		[195, "CN2_43", -336.22, -236.22, "B", "SMD", "CN2_43", "", "R", 7.87, 39.37, 0, 90],
		[196, "CN2_44", -214.96, -236.22, "B", "SMD", "CN2_44", "", "R", 7.87, 39.37, 0, 270],
		[197, "CN2_45", -336.22, -251.96, "B", "SMD", "CN2_45", "", "R", 7.87, 39.37, 0, 90],
		[198, "CN2_46", -214.96, -251.97, "B", "SMD", "FPGA_3V3", "", "R", 7.87, 39.37, 0, 270],
		[199, "CN2_47", -336.22, -267.71, "B", "SMD", "GND", "GND", "R", 7.87, 39.37, 0, 90],
		[200, "CN2_48", -214.96, -267.71, "B", "SMD", "FPGA_3V3", "", "R", 7.87, 39.37, 0, 270],
		[201, "CN2_49", -336.22, -283.46, "B", "SMD", "CN2_49", "", "R", 7.87, 39.37, 0, 90],
		[202, "CN2_50", -214.96, -283.46, "B", "SMD", "FPGA_3V3", "", "R", 7.87, 39.37, 0, 270],
		[203, "CN2_51", -336.22, -299.21, "B", "SMD", "CN2_51", "", "R", 7.87, 39.37, 0, 90],
		[204, "CN2_52", -214.96, -299.21, "B", "SMD", "+5V", "", "R", 7.87, 39.37, 0, 270],
		[205, "CN2_53", -336.22, -314.96, "B", "SMD", "GND", "GND", "R", 7.87, 39.37, 0, 90],
		[206, "CN2_54", -214.96, -314.96, "B", "SMD", "+5V", "", "R", 7.87, 39.37, 0, 270],
		[207, "CN2_55", -336.22, -330.7, "B", "SMD", "CN2_55", "", "R", 7.87, 39.37, 0, 90],
		[208, "CN2_56", -214.96, -330.71, "B", "SMD", "+5V", "", "R", 7.87, 39.37, 0, 270],
		[209, "CN2_57", -336.22, -346.45, "B", "SMD", "CN2_57", "", "R", 7.87, 39.37, 0, 90],
		[210, "CN2_58", -214.96, -346.45, "B", "SMD", "+5V", "", "R", 7.87, 39.37, 0, 270],
		[211, "CN2_59", -336.22, -362.2, "B", "SMD", "GND", "GND", "R", 7.87, 39.37, 0, 90],
		[212, "CN2_60", -214.96, -362.2, "B", "SMD", "+5V", "", "R", 7.87, 39.37, 0, 270],
		[213, "D1_1", -1385, -571.38, "B", "SMD", "$1N41600", "", "R", 78.74, 78.74, 0, 90],
		[214, "D1_2", -1385, -744.61, "B", "SMD", "GND", "GND", "R", 78.74, 78.74, 0, 90],
		[215, "F1_1", -1134, -259.89, "B", "SMD", "+5V", "", "R", 46.85, 68.03, 0, 90],
		[216, "F1_2", -1134, -146.11, "B", "SMD", "VBUS", "", "R", 46.85, 68.03, 0, 90],
		[217, "H1_1", -751.77, 688.98, "T", "DIP", "GND", "GND", "R", 39.37, 39.37, 23.62, 180],
		[218, "H1_1", -751.77, 688.98, "B", "DIP", "GND", "GND", "R", 39.37, 39.37, 23.62, 180],
		[219, "H1_2", -801.77, 688.98, "T", "DIP", "O/P1/TX", "", "C", 39.37, 39.37, 23.62, 180],
		[220, "H1_2", -801.77, 688.98, "B", "DIP", "O/P1/TX", "", "C", 39.37, 39.37, 23.62, 180],
		[221, "H1_3", -851.77, 688.98, "T", "DIP", "O/P1/RX", "", "C", 39.37, 39.37, 23.62, 180],
		[222, "H1_3", -851.77, 688.98, "B", "DIP", "O/P1/RX", "", "C", 39.37, 39.37, 23.62, 180],
		[223, "H1_4", -901.77, 688.98, "T", "DIP", "VCC_PA", "", "C", 39.37, 39.37, 23.62, 180],
		[224, "H1_4", -901.77, 688.98, "B", "DIP", "VCC_PA", "", "C", 39.37, 39.37, 23.62, 180],
		[225, "H2_1", -751.77, -255.91, "T", "DIP", "GND", "GND", "R", 39.37, 39.37, 23.62, 180],
		[226, "H2_1", -751.77, -255.91, "B", "DIP", "GND", "GND", "R", 39.37, 39.37, 23.62, 180],
		[227, "H2_2", -801.77, -255.91, "T", "DIP", "O/P2/TX", "", "C", 39.37, 39.37, 23.62, 180],
		[228, "H2_2", -801.77, -255.91, "B", "DIP", "O/P2/TX", "", "C", 39.37, 39.37, 23.62, 180],
		[229, "H2_3", -851.77, -255.91, "T", "DIP", "O/P2/RX", "", "C", 39.37, 39.37, 23.62, 180],
		[230, "H2_3", -851.77, -255.91, "B", "DIP", "O/P2/RX", "", "C", 39.37, 39.37, 23.62, 180],
		[231, "H2_4", -901.77, -255.91, "T", "DIP", "VCC_PA", "", "C", 39.37, 39.37, 23.62, 180],
		[232, "H2_4", -901.77, -255.91, "B", "DIP", "VCC_PA", "", "C", 39.37, 39.37, 23.62, 180],
		[233, "H3_1", 75, 688.98, "T", "DIP", "GND", "GND", "R", 39.37, 39.37, 23.62, 180],
		[234, "H3_1", 75, 688.98, "B", "DIP", "GND", "GND", "R", 39.37, 39.37, 23.62, 180],
		[235, "H3_2", 25, 688.98, "T", "DIP", "O/P3/TX", "", "C", 39.37, 39.37, 23.62, 180],
		[236, "H3_2", 25, 688.98, "B", "DIP", "O/P3/TX", "", "C", 39.37, 39.37, 23.62, 180],
		[237, "H3_3", -25, 688.98, "T", "DIP", "O/P3/RX", "", "C", 39.37, 39.37, 23.62, 180],
		[238, "H3_3", -25, 688.98, "B", "DIP", "O/P3/RX", "", "C", 39.37, 39.37, 23.62, 180],
		[239, "H3_4", -75, 688.98, "T", "DIP", "VCC_PB", "", "C", 39.37, 39.37, 23.62, 180],
		[240, "H3_4", -75, 688.98, "B", "DIP", "VCC_PB", "", "C", 39.37, 39.37, 23.62, 180],
		[241, "H4_1", 75, -255.91, "T", "DIP", "GND", "GND", "R", 39.37, 39.37, 23.62, 180],
		[242, "H4_1", 75, -255.91, "B", "DIP", "GND", "GND", "R", 39.37, 39.37, 23.62, 180],
		[243, "H4_2", 25, -255.91, "T", "DIP", "O/P4/TX", "", "C", 39.37, 39.37, 23.62, 180],
		[244, "H4_2", 25, -255.91, "B", "DIP", "O/P4/TX", "", "C", 39.37, 39.37, 23.62, 180],
		[245, "H4_3", -25, -255.91, "T", "DIP", "O/P4/RX", "", "C", 39.37, 39.37, 23.62, 180],
		[246, "H4_3", -25, -255.91, "B", "DIP", "O/P4/RX", "", "C", 39.37, 39.37, 23.62, 180],
		[247, "H4_4", -75, -255.91, "T", "DIP", "VCC_PB", "", "C", 39.37, 39.37, 23.62, 180],
		[248, "H4_4", -75, -255.91, "B", "DIP", "VCC_PB", "", "C", 39.37, 39.37, 23.62, 180],
		[249, "H5_1", 901.77, 688.98, "T", "DIP", "GND", "GND", "R", 39.37, 39.37, 23.62, 180],
		[250, "H5_1", 901.77, 688.98, "B", "DIP", "GND", "GND", "R", 39.37, 39.37, 23.62, 180],
		[251, "H5_2", 851.77, 688.98, "T", "DIP", "O/P5/TX", "", "C", 39.37, 39.37, 23.62, 180],
		[252, "H5_2", 851.77, 688.98, "B", "DIP", "O/P5/TX", "", "C", 39.37, 39.37, 23.62, 180],
		[253, "H5_3", 801.77, 688.98, "T", "DIP", "O/P5/RX", "", "C", 39.37, 39.37, 23.62, 180],
		[254, "H5_3", 801.77, 688.98, "B", "DIP", "O/P5/RX", "", "C", 39.37, 39.37, 23.62, 180],
		[255, "H5_4", 751.77, 688.98, "T", "DIP", "VCC_PC", "", "C", 39.37, 39.37, 23.62, 180],
		[256, "H5_4", 751.77, 688.98, "B", "DIP", "VCC_PC", "", "C", 39.37, 39.37, 23.62, 180],
		[257, "H6_1", 901.77, -255.91, "T", "DIP", "GND", "GND", "R", 39.37, 39.37, 23.62, 180],
		[258, "H6_1", 901.77, -255.91, "B", "DIP", "GND", "GND", "R", 39.37, 39.37, 23.62, 180],
		[259, "H6_2", 851.77, -255.91, "T", "DIP", "O/P6/TX", "", "C", 39.37, 39.37, 23.62, 180],
		[260, "H6_2", 851.77, -255.91, "B", "DIP", "O/P6/TX", "", "C", 39.37, 39.37, 23.62, 180],
		[261, "H6_3", 801.77, -255.91, "T", "DIP", "O/P6/RX", "", "C", 39.37, 39.37, 23.62, 180],
		[262, "H6_3", 801.77, -255.91, "B", "DIP", "O/P6/RX", "", "C", 39.37, 39.37, 23.62, 180],
		[263, "H6_4", 751.77, -255.91, "T", "DIP", "VCC_PC", "", "C", 39.37, 39.37, 23.62, 180],
		[264, "H6_4", 751.77, -255.91, "B", "DIP", "VCC_PC", "", "C", 39.37, 39.37, 23.62, 180],
		[265, "L1_1", -290.56, 211, "B", "SMD", "FPGA_3V3", "", "R", 31.5, 34.02, 0, 180],
		[266, "L1_2", -235.44, 211, "B", "SMD", "VCCIO2/3", "", "R", 31.5, 34.02, 0, 180],
		[267, "L2_1", 782, -109.55, "B", "SMD", "FPGA_3V3", "", "R", 31.5, 34.02, 0, 270],
		[268, "L2_2", 782, -54.45, "B", "SMD", "VCCIO0/1", "", "R", 31.5, 34.02, 0, 270],
		[269, "L3_1", 234.44, 211, "B", "SMD", "VCCIO6/7", "", "R", 31.5, 34.02, 0, 180],
		[270, "L3_2", 289.56, 211, "B", "SMD", "FPGA_3V3", "", "R", 31.5, 34.02, 0, 180],
		[271, "L4_1", -1228.15, -795, "B", "SMD", "$1N41600", "", "R", 95.43, 142.52, 0, 180],
		[272, "L4_2", -981.85, -795, "B", "SMD", "+3.3V", "", "R", 95.43, 142.52, 0, 180],
		[273, "R1_1", -704.66, 870, "B", "SMD", "$1N42555", "", "R", 31.75, 34.02, 0, 0],
		[274, "R1_2", -645.34, 870, "B", "SMD", "GND", "GND", "R", 31.75, 34.02, 0, 0],
		[275, "R2_1", -704, 166.34, "B", "SMD", "$1N49867", "", "R", 31.75, 34.02, 0, 90],
		[276, "R2_2", -704, 225.66, "B", "SMD", "GND", "GND", "R", 31.75, 34.02, 0, 90],
		[277, "R3_1", 857.34, 876, "B", "SMD", "$1N46665", "", "R", 31.75, 34.02, 0, 0],
		[278, "R3_2", 916.66, 876, "B", "SMD", "GND", "GND", "R", 31.75, 34.02, 0, 0],
		[279, "R4_1", -374.66, -657, "B", "SMD", "$1N49931", "", "R", 31.75, 34.02, 0, 0],
		[280, "R4_2", -315.34, -657, "B", "SMD", "GND", "GND", "R", 31.75, 34.02, 0, 0],
		[281, "R5_1", 482, -280.96, "B", "SMD", "FPGA_3V3", "", "R", 22.27, 21.26, 0, 270],
		[282, "R5_2", 482, -315.04, "B", "SMD", "K10_IOT15B", "", "R", 22.27, 21.26, 0, 270],
		[283, "R6_1", -977.29, -571.66, "B", "SMD", "+3.3V", "", "R", 44.59, 54.21, 0, 180],
		[284, "R6_2", -1056.03, -571.66, "B", "SMD", "$1N41601", "", "R", 44.59, 54.21, 0, 180],
		[285, "R7_1", -798.29, -821.66, "B", "SMD", "$1N41596", "", "R", 44.59, 54.21, 0, 180],
		[286, "R7_2", -877.03, -821.66, "B", "SMD", "$1N41597", "", "R", 44.59, 54.21, 0, 180],
		[287, "R8_1", -978.03, -486.66, "B", "SMD", "GND", "GND", "R", 44.59, 54.21, 0, 180],
		[288, "R8_2", -1056.77, -486.66, "B", "SMD", "$1N41601", "", "R", 44.59, 54.21, 0, 180],
		[289, "R9_1", 1333.34, -109, "B", "SMD", "$1N47462", "", "R", 31.75, 34.02, 0, 0],
		[290, "R9_2", 1392.66, -109, "B", "SMD", "GND", "GND", "R", 31.75, 34.02, 0, 0],
		[291, "R10_1", 529, 185.34, "B", "SMD", "$1N50003", "", "R", 31.75, 34.02, 0, 90],
		[292, "R10_2", 529, 244.66, "B", "SMD", "GND", "GND", "R", 31.75, 34.02, 0, 90],
		[293, "SW1_1", 539.02, -315, "B", "SMD", "K10_IOT15B", "", "R", 31.5, 60, 0, 0],
		[294, "SW1_2", 668.98, -315, "B", "SMD", "GND", "GND", "R", 31.5, 60, 0, 0],
		[295, "TP1_1", -1377.95, 866.14, "T", "DIP", "GND", "GND", "C", 78.74, 78.74, 78.74, 0],
		[296, "TP1_1", -1377.95, 866.14, "B", "DIP", "GND", "GND", "C", 78.74, 78.74, 78.74, 0],
		[297, "TP2_1", -1377.95, -866.14, "T", "DIP", "GND", "GND", "C", 78.74, 78.74, 78.74, 0],
		[298, "TP2_1", -1377.95, -866.14, "B", "DIP", "GND", "GND", "C", 78.74, 78.74, 78.74, 0],
		[299, "TP3_1", 1377.95, 866.14, "T", "DIP", "GND", "GND", "C", 78.74, 78.74, 78.74, 0],
		[300, "TP3_1", 1377.95, 866.14, "B", "DIP", "GND", "GND", "C", 78.74, 78.74, 78.74, 0],
		[301, "TP4_1", 1377.95, -866.14, "T", "DIP", "GND", "GND", "C", 78.74, 78.74, 78.74, 0],
		[302, "TP4_1", 1377.95, -866.14, "B", "DIP", "GND", "GND", "C", 78.74, 78.74, 78.74, 0],
		[303, "U1_1", -1042, 323.85, "B", "SMD", "FPGA_3V3", "", "O", 23.15, 80.51, 0, 180],
		[304, "U1_2", -1092, 323.85, "B", "SMD", "F1_0/RX", "", "O", 23.15, 80.51, 0, 180],
		[305, "U1_3", -1142, 323.85, "B", "SMD", "F1_0/TX", "", "O", 23.15, 80.51, 0, 180],
		[306, "U1_4", -1192, 323.85, "B", "SMD", "GND", "GND", "O", 23.15, 80.51, 0, 180],
		[307, "U1_5", -1192, 542.15, "B", "SMD", "GND", "GND", "O", 23.15, 80.51, 0, 180],
		[308, "U1_6", -1142, 542.15, "B", "SMD", "O/F1_0/TX", "", "O", 23.15, 80.51, 0, 180],
		[309, "U1_7", -1092, 542.15, "B", "SMD", "O/F1_0/RX", "", "O", 23.15, 80.51, 0, 180],
		[310, "U1_8", -1042, 542.15, "B", "SMD", "VCC_F1", "", "O", 23.15, 80.51, 0, 180],
		[311, "U2_1", -752, 323.92, "B", "SMD", "FPGA_3V3", "", "O", 23.15, 80.51, 0, 180],
		[312, "U2_2", -802, 323.92, "B", "SMD", "L2_IOR18A_", "", "O", 23.15, 80.51, 0, 180],
		[313, "U2_3", -852, 323.92, "B", "SMD", "L1_IOR18B", "", "O", 23.15, 80.51, 0, 180],
		[314, "U2_4", -902, 323.92, "B", "SMD", "GND", "GND", "O", 23.15, 80.51, 0, 180],
		[315, "U2_5", -902, 542.22, "B", "SMD", "GND", "GND", "O", 23.15, 80.51, 0, 180],
		[316, "U2_6", -852, 542.22, "B", "SMD", "O/P1/RX", "", "O", 23.15, 80.51, 0, 180],
		[317, "U2_7", -802, 542.22, "B", "SMD", "O/P1/TX", "", "O", 23.15, 80.51, 0, 180],
		[318, "U2_8", -752, 542.22, "B", "SMD", "VCC_PA", "", "O", 23.15, 80.51, 0, 180],
		[319, "U3_1", -978.53, -77.08, "B", "SMD", "FPGA_3V3", "", "R", 9.84, 29.53, 0, 180],
		[320, "U3_2", -998.22, -77.08, "B", "SMD", "GND", "GND", "R", 9.84, 29.53, 0, 180],
		[321, "U3_3", -1017.9, -77.08, "B", "SMD", "VBUS", "", "R", 9.84, 29.53, 0, 180],
		[322, "U3_4", -1037.59, -77.09, "B", "SMD", "B3_IOB56A", "", "R", 9.84, 29.53, 0, 180],
		[323, "U3_5", -1065.09, -49.52, "B", "SMD", "C3_IOB56B", "", "R", 29.53, 9.84, 0, 180],
		[324, "U3_6", -1065.09, -29.84, "B", "SMD", "$1N23739", "", "R", 29.53, 9.84, 0, 180],
		[325, "U3_7", -1065.09, -10.15, "B", "SMD", "UD+", "", "R", 29.53, 9.84, 0, 180],
		[326, "U3_8", -1065.09, 9.53, "B", "SMD", "UD-", "", "R", 29.53, 9.84, 0, 180],
		[327, "U3_9", -1037.53, 37.09, "B", "SMD", "VBUS", "", "R", 9.84, 29.53, 0, 180],
		[328, "U3_10", -1017.84, 37.09, "B", "SMD", "U3_10", "", "R", 9.84, 29.53, 0, 180],
		[329, "U3_11", -998.15, 37.09, "B", "SMD", "U3_11", "", "R", 9.84, 29.53, 0, 180],
		[330, "U3_12", -978.5, 37.09, "B", "SMD", "U3_12", "", "R", 9.84, 29.53, 0, 180],
		[331, "U3_13", -950.91, 9.53, "B", "SMD", "U3_13", "", "R", 29.53, 9.84, 0, 180],
		[332, "U3_14", -950.91, -10.15, "B", "SMD", "U3_14", "", "R", 29.53, 9.84, 0, 180],
		[333, "U3_15", -950.91, -29.84, "B", "SMD", "U3_15", "", "R", 29.53, 9.84, 0, 180],
		[334, "U3_16", -950.91, -49.52, "B", "SMD", "U3_16", "", "R", 29.53, 9.84, 0, 180],
		[335, "U3_17", -1008.01, -20, "B", "SMD", "GND", "GND", "R", 66.93, 66.93, 0, 180],
		[336, "U4_1", -333, 323.92, "B", "SMD", "FPGA_3V3", "", "O", 23.15, 80.51, 0, 180],
		[337, "U4_2", -383, 323.92, "B", "SMD", "B2_IOB4A", "", "O", 23.15, 80.51, 0, 180],
		[338, "U4_3", -433, 323.92, "B", "SMD", "C2_IOB4B", "", "O", 23.15, 80.51, 0, 180],
		[339, "U4_4", -483, 323.92, "B", "SMD", "GND", "GND", "O", 23.15, 80.51, 0, 180],
		[340, "U4_5", -483, 542.22, "B", "SMD", "GND", "GND", "O", 23.15, 80.51, 0, 180],
		[341, "U4_6", -433, 542.22, "B", "SMD", "O/F1_1/TX", "", "O", 23.15, 80.51, 0, 180],
		[342, "U4_7", -383, 542.22, "B", "SMD", "O/F1_1/RX", "", "O", 23.15, 80.51, 0, 180],
		[343, "U4_8", -333, 542.22, "B", "SMD", "VCC_F1", "", "O", 23.15, 80.51, 0, 180],
		[344, "U5_1", -751, -601.28, "B", "SMD", "FPGA_3V3", "", "O", 23.15, 80.51, 0, 180],
		[345, "U5_2", -801, -601.28, "B", "SMD", "F1_IOB26B", "", "O", 23.15, 80.51, 0, 180],
		[346, "U5_3", -851, -601.28, "B", "SMD", "F2_IOB26A", "", "O", 23.15, 80.51, 0, 180],
		[347, "U5_4", -901, -601.28, "B", "SMD", "GND", "GND", "O", 23.15, 80.51, 0, 180],
		[348, "U5_5", -901, -382.98, "B", "SMD", "GND", "GND", "O", 23.15, 80.51, 0, 180],
		[349, "U5_6", -851, -382.98, "B", "SMD", "O/P2/RX", "", "O", 23.15, 80.51, 0, 180],
		[350, "U5_7", -801, -382.98, "B", "SMD", "O/P2/TX", "", "O", 23.15, 80.51, 0, 180],
		[351, "U5_8", -751, -382.98, "B", "SMD", "VCC_PA", "", "O", 23.15, 80.51, 0, 180],
		[352, "U6_1", -757.87, 797.18, "B", "SMD", "$1N62815", "", "R", 20.51, 9.84, 0, 90],
		[353, "U6_2", -777.56, 797.18, "B", "SMD", "+3.3V", "", "R", 20.51, 9.84, 0, 90],
		[354, "U6_3", -797.24, 797.18, "B", "SMD", "+3.3V", "", "R", 20.51, 9.84, 0, 90],
		[355, "U6_4", -816.93, 797.18, "B", "SMD", "+3.3V", "", "R", 20.51, 9.84, 0, 90],
		[356, "U6_5", -816.93, 871.98, "B", "SMD", "VCC_F1", "", "R", 20.51, 9.84, 0, 90],
		[357, "U6_6", -797.24, 871.98, "B", "SMD", "U6_6", "", "R", 20.51, 9.84, 0, 90],
		[358, "U6_7", -777.56, 871.98, "B", "SMD", "$1N42555", "", "R", 20.51, 9.84, 0, 90],
		[359, "U6_8", -757.87, 871.98, "B", "SMD", "GND", "GND", "R", 20.51, 9.84, 0, 90],
		[360, "U6_9", -787.4, 834.58, "B", "SMD", "GND", "GND", "R", 35.43, 62.99, 0, 90],
		[361, "U7_1", -578.73, 186.27, "B", "SMD", "$1N62824", "", "R", 20.51, 9.84, 0, 180],
		[362, "U7_2", -578.73, 166.58, "B", "SMD", "+3.3V", "", "R", 20.51, 9.84, 0, 180],
		[363, "U7_3", -578.73, 146.9, "B", "SMD", "+3.3V", "", "R", 20.51, 9.84, 0, 180],
		[364, "U7_4", -578.73, 127.21, "B", "SMD", "+3.3V", "", "R", 20.51, 9.84, 0, 180],
		[365, "U7_5", -653.53, 127.21, "B", "SMD", "VCC_PA", "", "R", 20.51, 9.84, 0, 180],
		[366, "U7_6", -653.53, 146.9, "B", "SMD", "U7_6", "", "R", 20.51, 9.84, 0, 180],
		[367, "U7_7", -653.53, 166.58, "B", "SMD", "$1N49867", "", "R", 20.51, 9.84, 0, 180],
		[368, "U7_8", -653.53, 186.27, "B", "SMD", "GND", "GND", "R", 20.51, 9.84, 0, 180],
		[369, "U7_9", -616.13, 156.74, "B", "SMD", "GND", "GND", "R", 35.43, 62.99, 0, 180],
		[370, "U8_1", 493.96, 323.92, "B", "SMD", "FPGA_3V3", "", "O", 23.15, 80.51, 0, 180],
		[371, "U8_2", 443.96, 323.92, "B", "SMD", "F2_0/RX", "", "O", 23.15, 80.51, 0, 180],
		[372, "U8_3", 393.96, 323.92, "B", "SMD", "F2_0/TX", "", "O", 23.15, 80.51, 0, 180],
		[373, "U8_4", 343.96, 323.92, "B", "SMD", "GND", "GND", "O", 23.15, 80.51, 0, 180],
		[374, "U8_5", 343.96, 542.22, "B", "SMD", "GND", "GND", "O", 23.15, 80.51, 0, 180],
		[375, "U8_6", 393.96, 542.22, "B", "SMD", "O/F2_0/TX", "", "O", 23.15, 80.51, 0, 180],
		[376, "U8_7", 443.96, 542.22, "B", "SMD", "O/F2_0/RX", "", "O", 23.15, 80.51, 0, 180],
		[377, "U8_8", 493.96, 542.22, "B", "SMD", "VCC_F2", "", "O", 23.15, 80.51, 0, 180],
		[378, "U9_1", 74, 323.85, "B", "SMD", "FPGA_3V3", "", "O", 23.15, 80.51, 0, 180],
		[379, "U9_2", 24, 323.85, "B", "SMD", "L3_IOR31B", "", "O", 23.15, 80.51, 0, 180],
		[380, "U9_3", -26, 323.85, "B", "SMD", "L4_IOR31A", "", "O", 23.15, 80.51, 0, 180],
		[381, "U9_4", -76, 323.85, "B", "SMD", "GND", "GND", "O", 23.15, 80.51, 0, 180],
		[382, "U9_5", -76, 542.15, "B", "SMD", "GND", "GND", "O", 23.15, 80.51, 0, 180],
		[383, "U9_6", -26, 542.15, "B", "SMD", "O/P3/RX", "", "O", 23.15, 80.51, 0, 180],
		[384, "U9_7", 24, 542.15, "B", "SMD", "O/P3/TX", "", "O", 23.15, 80.51, 0, 180],
		[385, "U9_8", 74, 542.15, "B", "SMD", "VCC_PB", "", "O", 23.15, 80.51, 0, 180],
		[386, "U10_1", 1203, 323.92, "B", "SMD", "FPGA_3V3", "", "O", 23.15, 80.51, 0, 180],
		[387, "U10_2", 1153, 323.92, "B", "SMD", "F2_1/RX", "", "O", 23.15, 80.51, 0, 180],
		[388, "U10_3", 1103, 323.92, "B", "SMD", "F2_1/TX", "", "O", 23.15, 80.51, 0, 180],
		[389, "U10_4", 1053, 323.92, "B", "SMD", "GND", "GND", "O", 23.15, 80.51, 0, 180],
		[390, "U10_5", 1053, 542.22, "B", "SMD", "GND", "GND", "O", 23.15, 80.51, 0, 180],
		[391, "U10_6", 1103, 542.22, "B", "SMD", "O/F2_1/TX", "", "O", 23.15, 80.51, 0, 180],
		[392, "U10_7", 1153, 542.22, "B", "SMD", "O/F2_1/RX", "", "O", 23.15, 80.51, 0, 180],
		[393, "U10_8", 1203, 542.22, "B", "SMD", "VCC_F2", "", "O", 23.15, 80.51, 0, 180],
		[394, "U11_1", 75, -817.81, "B", "SMD", "FPGA_3V3", "", "O", 23.15, 80.51, 0, 180],
		[395, "U11_2", 25, -817.81, "B", "SMD", "H10_IOT3B", "", "O", 23.15, 80.51, 0, 180],
		[396, "U11_3", -25, -817.81, "B", "SMD", "H11_IOT3A", "", "O", 23.15, 80.51, 0, 180],
		[397, "U11_4", -75, -817.81, "B", "SMD", "GND", "GND", "O", 23.15, 80.51, 0, 180],
		[398, "U11_5", -75, -599.51, "B", "SMD", "GND", "GND", "O", 23.15, 80.51, 0, 180],
		[399, "U11_6", -25, -599.51, "B", "SMD", "O/P4/RX", "", "O", 23.15, 80.51, 0, 180],
		[400, "U11_7", 25, -599.51, "B", "SMD", "O/P4/TX", "", "O", 23.15, 80.51, 0, 180],
		[401, "U11_8", 75, -599.51, "B", "SMD", "VCC_PB", "", "O", 23.15, 80.51, 0, 180],
		[402, "U12_1", 799.63, 799.49, "B", "SMD", "$1N62806", "", "R", 20.51, 9.84, 0, 90],
		[403, "U12_2", 779.94, 799.49, "B", "SMD", "+3.3V", "", "R", 20.51, 9.84, 0, 90],
		[404, "U12_3", 760.26, 799.49, "B", "SMD", "+3.3V", "", "R", 20.51, 9.84, 0, 90],
		[405, "U12_4", 740.57, 799.49, "B", "SMD", "+3.3V", "", "R", 20.51, 9.84, 0, 90],
		[406, "U12_5", 740.57, 874.29, "B", "SMD", "VCC_F2", "", "R", 20.51, 9.84, 0, 90],
		[407, "U12_6", 760.26, 874.29, "B", "SMD", "U12_6", "", "R", 20.51, 9.84, 0, 90],
		[408, "U12_7", 779.94, 874.29, "B", "SMD", "$1N46665", "", "R", 20.51, 9.84, 0, 90],
		[409, "U12_8", 799.63, 874.29, "B", "SMD", "GND", "GND", "R", 20.51, 9.84, 0, 90],
		[410, "U12_9", 770.1, 836.89, "B", "SMD", "GND", "GND", "R", 35.43, 62.99, 0, 90],
		[411, "U13_1", -355.09, -781.51, "B", "SMD", "$1N62833", "", "R", 20.51, 9.84, 0, 90],
		[412, "U13_2", -374.78, -781.51, "B", "SMD", "+3.3V", "", "R", 20.51, 9.84, 0, 90],
		[413, "U13_3", -394.46, -781.51, "B", "SMD", "+3.3V", "", "R", 20.51, 9.84, 0, 90],
		[414, "U13_4", -414.15, -781.51, "B", "SMD", "+3.3V", "", "R", 20.51, 9.84, 0, 90],
		[415, "U13_5", -414.15, -706.71, "B", "SMD", "VCC_PB", "", "R", 20.51, 9.84, 0, 90],
		[416, "U13_6", -394.46, -706.71, "B", "SMD", "U13_6", "", "R", 20.51, 9.84, 0, 90],
		[417, "U13_7", -374.78, -706.71, "B", "SMD", "$1N49931", "", "R", 20.51, 9.84, 0, 90],
		[418, "U13_8", -355.09, -706.71, "B", "SMD", "GND", "GND", "R", 20.51, 9.84, 0, 90],
		[419, "U13_9", -384.62, -744.11, "B", "SMD", "GND", "GND", "R", 35.43, 62.99, 0, 90],
		[420, "U14_1", -1295.07, -359.36, "B", "SMD", "$1N41599", "", "O", 22.38, 76.78, 0, 0],
		[421, "U14_2", -1245.07, -359.36, "B", "SMD", "+5V", "", "O", 22.38, 76.78, 0, 0],
		[422, "U14_3", -1195.07, -359.36, "B", "SMD", "A1_IOB24A", "", "O", 22.38, 76.78, 0, 0],
		[423, "U14_4", -1145.07, -359.36, "B", "SMD", "$1N41595", "", "O", 22.38, 76.78, 0, 0],
		[424, "U14_5", -1145.07, -572.36, "B", "SMD", "$1N41601", "", "O", 22.38, 76.78, 0, 0],
		[425, "U14_6", -1195.07, -572.36, "B", "SMD", "$1N41597", "", "O", 22.38, 76.78, 0, 0],
		[426, "U14_7", -1245.07, -572.36, "B", "SMD", "GND", "GND", "O", 22.38, 76.78, 0, 0],
		[427, "U14_8", -1295.07, -572.36, "B", "SMD", "$1N41600", "", "O", 22.38, 76.78, 0, 0],
		[428, "U15_1", 937.85, -22, "B", "SMD", "FPGA_3V3", "", "O", 23.15, 80.51, 0, 90],
		[429, "U15_2", 937.85, 28, "B", "SMD", "F3_0/RX", "", "O", 23.15, 80.51, 0, 90],
		[430, "U15_3", 937.85, 78, "B", "SMD", "F3_0/TX", "", "O", 23.15, 80.51, 0, 90],
		[431, "U15_4", 937.85, 128, "B", "SMD", "GND", "GND", "O", 23.15, 80.51, 0, 90],
		[432, "U15_5", 1156.15, 128, "B", "SMD", "GND", "GND", "O", 23.15, 80.51, 0, 90],
		[433, "U15_6", 1156.15, 78, "B", "SMD", "O/F3_0/TX", "", "O", 23.15, 80.51, 0, 90],
		[434, "U15_7", 1156.15, 28, "B", "SMD", "O/F3_0/RX", "", "O", 23.15, 80.51, 0, 90],
		[435, "U15_8", 1156.15, -22, "B", "SMD", "VCC_F3", "", "O", 23.15, 80.51, 0, 90],
		[436, "U16_1", 901, 323.85, "B", "SMD", "FPGA_3V3", "", "O", 23.15, 80.51, 0, 180],
		[437, "U16_2", 851, 323.85, "B", "SMD", "H7_IOT66B", "", "O", 23.15, 80.51, 0, 180],
		[438, "U16_3", 801, 323.85, "B", "SMD", "H8_IOT66A", "", "O", 23.15, 80.51, 0, 180],
		[439, "U16_4", 751, 323.85, "B", "SMD", "GND", "GND", "O", 23.15, 80.51, 0, 180],
		[440, "U16_5", 751, 542.15, "B", "SMD", "GND", "GND", "O", 23.15, 80.51, 0, 180],
		[441, "U16_6", 801, 542.15, "B", "SMD", "O/P5/RX", "", "O", 23.15, 80.51, 0, 180],
		[442, "U16_7", 851, 542.15, "B", "SMD", "O/P5/TX", "", "O", 23.15, 80.51, 0, 180],
		[443, "U16_8", 901, 542.15, "B", "SMD", "VCC_PC", "", "O", 23.15, 80.51, 0, 180],
		[444, "U17_1", 942.94, -478.91, "B", "SMD", "FPGA_3V3", "", "O", 23.15, 80.51, 0, 90],
		[445, "U17_2", 942.94, -428.91, "B", "SMD", "F3_1/RX", "", "O", 23.15, 80.51, 0, 90],
		[446, "U17_3", 942.94, -378.91, "B", "SMD", "F3_1/TX", "", "O", 23.15, 80.51, 0, 90],
		[447, "U17_4", 942.94, -328.91, "B", "SMD", "GND", "GND", "O", 23.15, 80.51, 0, 90],
		[448, "U17_5", 1161.24, -328.91, "B", "SMD", "GND", "GND", "O", 23.15, 80.51, 0, 90],
		[449, "U17_6", 1161.24, -378.91, "B", "SMD", "O/F3_1/TX", "", "O", 23.15, 80.51, 0, 90],
		[450, "U17_7", 1161.24, -428.91, "B", "SMD", "O/F3_1/RX", "", "O", 23.15, 80.51, 0, 90],
		[451, "U17_8", 1161.24, -478.91, "B", "SMD", "VCC_F3", "", "O", 23.15, 80.51, 0, 90],
		[452, "U18_1", 902, -817.81, "B", "SMD", "FPGA_3V3", "", "O", 23.15, 80.51, 0, 180],
		[453, "U18_2", 852, -817.81, "B", "SMD", "E11_IOL3A", "", "O", 23.15, 80.51, 0, 180],
		[454, "U18_3", 802, -817.81, "B", "SMD", "E10_IOL3B", "", "O", 23.15, 80.51, 0, 180],
		[455, "U18_4", 752, -817.81, "B", "SMD", "GND", "GND", "O", 23.15, 80.51, 0, 180],
		[456, "U18_5", 752, -599.51, "B", "SMD", "GND", "GND", "O", 23.15, 80.51, 0, 180],
		[457, "U18_6", 802, -599.51, "B", "SMD", "O/P6/RX", "", "O", 23.15, 80.51, 0, 180],
		[458, "U18_7", 852, -599.51, "B", "SMD", "O/P6/TX", "", "O", 23.15, 80.51, 0, 180],
		[459, "U18_8", 902, -599.51, "B", "SMD", "VCC_PC", "", "O", 23.15, 80.51, 0, 180],
		[460, "U19_1", 1350.63, -230.13, "B", "SMD", "$1N62801", "", "R", 20.51, 9.84, 0, 90],
		[461, "U19_2", 1330.94, -230.13, "B", "SMD", "+3.3V", "", "R", 20.51, 9.84, 0, 90],
		[462, "U19_3", 1311.26, -230.13, "B", "SMD", "+3.3V", "", "R", 20.51, 9.84, 0, 90],
		[463, "U19_4", 1291.57, -230.13, "B", "SMD", "+3.3V", "", "R", 20.51, 9.84, 0, 90],
		[464, "U19_5", 1291.57, -155.33, "B", "SMD", "VCC_F3", "", "R", 20.51, 9.84, 0, 90],
		[465, "U19_6", 1311.26, -155.33, "B", "SMD", "U19_6", "", "R", 20.51, 9.84, 0, 90],
		[466, "U19_7", 1330.94, -155.33, "B", "SMD", "$1N47462", "", "R", 20.51, 9.84, 0, 90],
		[467, "U19_8", 1350.63, -155.33, "B", "SMD", "GND", "GND", "R", 20.51, 9.84, 0, 90],
		[468, "U19_9", 1321.1, -192.73, "B", "SMD", "GND", "GND", "R", 35.43, 62.99, 0, 90],
		[469, "U20_1", 652.51, 205.15, "B", "SMD", "$1N62788", "", "R", 20.51, 9.84, 0, 180],
		[470, "U20_2", 652.51, 185.46, "B", "SMD", "+3.3V", "", "R", 20.51, 9.84, 0, 180],
		[471, "U20_3", 652.51, 165.78, "B", "SMD", "+3.3V", "", "R", 20.51, 9.84, 0, 180],
		[472, "U20_4", 652.51, 146.09, "B", "SMD", "+3.3V", "", "R", 20.51, 9.84, 0, 180],
		[473, "U20_5", 577.71, 146.09, "B", "SMD", "VCC_PC", "", "R", 20.51, 9.84, 0, 180],
		[474, "U20_6", 577.71, 165.78, "B", "SMD", "U20_6", "", "R", 20.51, 9.84, 0, 180],
		[475, "U20_7", 577.71, 185.46, "B", "SMD", "$1N50003", "", "R", 20.51, 9.84, 0, 180],
		[476, "U20_8", 577.71, 205.15, "B", "SMD", "GND", "GND", "R", 20.51, 9.84, 0, 180],
		[477, "U20_9", 615.11, 175.62, "B", "SMD", "GND", "GND", "R", 35.43, 62.99, 0, 180],
		[478, "USB1_1", -1231.3, -125.98, "B", "SMD", "GND", "GND", "R", 21.65, 43.31, 0, 90],
		[479, "USB1_2", -1231.3, -94.48, "B", "SMD", "VBUS", "", "R", 21.65, 43.31, 0, 90],
		[480, "USB1_3", -1231.3, -68.89, "B", "SMD", "USB1_3", "", "R", 11.81, 43.31, 0, 90],
		[481, "USB1_4", -1231.3, -49.2, "B", "SMD", "USB1_4", "", "R", 11.81, 43.31, 0, 90],
		[482, "USB1_5", -1231.3, -29.52, "B", "SMD", "UD-", "", "R", 11.81, 43.31, 0, 90],
		[483, "USB1_6", -1231.3, -9.84, "B", "SMD", "UD+", "", "R", 11.81, 43.31, 0, 90],
		[484, "USB1_7", -1231.3, 9.85, "B", "SMD", "UD-", "", "R", 11.81, 43.31, 0, 90],
		[485, "USB1_8", -1231.3, 29.52, "B", "SMD", "UD+", "", "R", 11.81, 43.31, 0, 90],
		[486, "USB1_9", -1231.3, 49.22, "B", "SMD", "USB1_9", "", "R", 11.81, 43.31, 0, 90],
		[487, "USB1_10", -1231.3, 68.91, "B", "SMD", "USB1_10", "", "R", 11.81, 43.31, 0, 90],
		[488, "USB1_11", -1231.3, 94.5, "B", "SMD", "VBUS", "", "R", 21.65, 43.31, 0, 90],
		[489, "USB1_12", -1231.3, 125.98, "B", "SMD", "GND", "GND", "R", 21.65, 43.31, 0, 90],
		[490, "USB1_13", -1252.95, -170.28, "T", "DIP", "GND", "GND", "O", 43.31, 78.74, 59.05, 90],
		[491, "USB1_13", -1252.95, -170.28, "B", "DIP", "GND", "GND", "O", 43.31, 78.74, 59.05, 90],
		[492, "USB1_13", -1418.31, -170.28, "T", "DIP", "GND", "GND", "O", 47.24, 70.87, 47.24, 90],
		[493, "USB1_13", -1418.31, -170.28, "B", "DIP", "GND", "GND", "O", 47.24, 70.87, 47.24, 90],
		[494, "USB1_14", -1252.95, 170.28, "T", "DIP", "GND", "GND", "O", 43.31, 78.74, 59.06, 90],
		[495, "USB1_14", -1252.95, 170.28, "B", "DIP", "GND", "GND", "O", 43.31, 78.74, 59.06, 90],
		[496, "USB1_14", -1418.31, 170.28, "T", "DIP", "GND", "GND", "O", 47.24, 70.87, 47.24, 90],
		[497, "USB1_14", -1418.31, 170.28, "B", "DIP", "GND", "GND", "O", 47.24, 70.87, 47.24, 90],
		[498, "X1_1", -1181.11, 753.15, "B", "SMD", "VCC_F1", "", "R", 27.56, 68.9, 0, 0],
		[499, "X1_2", -1141.74, 753.15, "B", "SMD", "O/F1_0/TX", "", "R", 27.56, 68.9, 0, 0],
		[500, "X1_3", -1102.37, 753.15, "B", "SMD", "O/F1_0/RX", "", "R", 27.56, 68.9, 0, 0],
		[501, "X1_4", -1063, 753.15, "B", "SMD", "GND", "GND", "R", 27.56, 68.9, 0, 0],
		[502, "X1_5", -1224.81, 900.4, "B", "SMD", "X1_5", "", "R", 47.24, 100.39, 0, 0],
		[503, "X1_6", -1019.29, 900.4, "B", "SMD", "X1_6", "", "R", 47.24, 100.39, 0, 0],
		[504, "X2_1", -472.45, 753.15, "B", "SMD", "VCC_F1", "", "R", 27.56, 68.9, 0, 0],
		[505, "X2_2", -433.08, 753.15, "B", "SMD", "O/F1_1/TX", "", "R", 27.56, 68.9, 0, 0],
		[506, "X2_3", -393.71, 753.15, "B", "SMD", "O/F1_1/RX", "", "R", 27.56, 68.9, 0, 0],
		[507, "X2_4", -354.34, 753.15, "B", "SMD", "GND", "GND", "R", 27.56, 68.9, 0, 0],
		[508, "X2_5", -516.15, 900.4, "B", "SMD", "X2_5", "", "R", 47.24, 100.39, 0, 0],
		[509, "X2_6", -310.63, 900.4, "B", "SMD", "X2_6", "", "R", 47.24, 100.39, 0, 0],
		[510, "X3_1", 354.33, 753.15, "B", "SMD", "VCC_F2", "", "R", 27.56, 68.9, 0, 0],
		[511, "X3_2", 393.7, 753.15, "B", "SMD", "O/F2_0/TX", "", "R", 27.56, 68.9, 0, 0],
		[512, "X3_3", 433.07, 753.15, "B", "SMD", "O/F2_0/RX", "", "R", 27.56, 68.9, 0, 0],
		[513, "X3_4", 472.44, 753.15, "B", "SMD", "GND", "GND", "R", 27.56, 68.9, 0, 0],
		[514, "X3_5", 310.63, 900.4, "B", "SMD", "X3_5", "", "R", 47.24, 100.39, 0, 0],
		[515, "X3_6", 516.15, 900.4, "B", "SMD", "X3_6", "", "R", 47.24, 100.39, 0, 0],
		[516, "X4_1", 1062.99, 753.15, "B", "SMD", "VCC_F2", "", "R", 27.56, 68.9, 0, 0],
		[517, "X4_2", 1102.36, 753.15, "B", "SMD", "O/F2_1/TX", "", "R", 27.56, 68.9, 0, 0],
		[518, "X4_3", 1141.73, 753.15, "B", "SMD", "O/F2_1/RX", "", "R", 27.56, 68.9, 0, 0],
		[519, "X4_4", 1181.1, 753.15, "B", "SMD", "GND", "GND", "R", 27.56, 68.9, 0, 0],
		[520, "X4_5", 1019.29, 900.4, "B", "SMD", "X4_5", "", "R", 47.24, 100.39, 0, 0],
		[521, "X4_6", 1224.81, 900.4, "B", "SMD", "X4_6", "", "R", 47.24, 100.39, 0, 0],
		[522, "X5_1", 1264.96, 118.12, "B", "SMD", "VCC_F3", "", "R", 27.56, 68.9, 0, 270],
		[523, "X5_2", 1264.96, 78.75, "B", "SMD", "O/F3_0/TX", "", "R", 27.56, 68.9, 0, 270],
		[524, "X5_3", 1264.96, 39.38, "B", "SMD", "O/F3_0/RX", "", "R", 27.56, 68.9, 0, 270],
		[525, "X5_4", 1264.96, 0.01, "B", "SMD", "GND", "GND", "R", 27.56, 68.9, 0, 270],
		[526, "X5_5", 1412.21, 161.82, "B", "SMD", "X5_5", "", "R", 47.24, 100.39, 0, 270],
		[527, "X5_6", 1412.21, -43.7, "B", "SMD", "X5_6", "", "R", 47.24, 100.39, 0, 270],
		[528, "X6_1", 1264.38, -349.94, "B", "SMD", "VCC_F3", "", "R", 27.56, 68.9, 0, 270],
		[529, "X6_2", 1264.38, -389.31, "B", "SMD", "O/F3_1/TX", "", "R", 27.56, 68.9, 0, 270],
		[530, "X6_3", 1264.38, -428.68, "B", "SMD", "O/F3_1/RX", "", "R", 27.56, 68.9, 0, 270],
		[531, "X6_4", 1264.38, -468.05, "B", "SMD", "GND", "GND", "R", 27.56, 68.9, 0, 270],
		[532, "X6_5", 1411.63, -306.24, "B", "SMD", "X6_5", "", "R", 47.24, 100.39, 0, 270],
		[533, "X6_6", 1411.63, -511.76, "B", "SMD", "X6_6", "", "R", 47.24, 100.39, 0, 270]
	]
}
}