{
"lengthUnit": "mil",
"components": {
	"fields": ["COMPONENT_NO", "COMPONENT_NAME", "LAYER", "X_COORDINATE", "Y_COORDINATE", "ANGLE"],
	"rows": [
		[1, "C1", "T", 501.97, -215, 270],
		[2, "H1", "T", 295.28, -531.5, 0],
		[3, "R1", "T", 275, -70, 180],
		[4, "R2", "T", 360, -70, 0],
		[5, "R3", "T", 500, -320, 90],
		[6, "U1", "T", 501.97, -482.28, 90],
		[7, "U2", "B", 295.28, -295.28, 180],
		[8, "U3", "T", 295.28, -255.91, 0],
		[9, "X1", "T", 110, -305, 90]
	]
},
"pins": {
	"fields": ["PIN_NO", "PIN_NAME", "PIN_X", "PIN_Y", "LAYER", "PIN_TYPE", "NET_NAME", "NET_TYPE", "PAD_SHAPE", "PAD_SIZEX", "PAD_SIZEY", "HOLE_SIZE", "PAD_ANGLE"],
	"rows": [
		[1, "C1_1", 501.97, -193.54, "T", "SMD", "GND", "GND", "R", 31.11, 21.26, 0, 270],
		[2, "C1_2", 501.97, -236.46, "T", "SMD", "$1N3136", "", "R", 31.11, 21.26, 0, 270],
		[3, "H1_1", 220.28, -531.5, "T", "DIP", "VCC", "", "R", 39.37, 49.21, 18.9, 0],
		[4, "H1_1", 220.28, -531.5, "B", "DIP", "VCC", "", "R", 39.37, 49.21, 18.9, 0],
		[5, "H1_2", 270.28, -531.5, "T", "DIP", "D1/TX", "", "R", 39.37, 49.21, 18.9, 0],
		[6, "H1_2", 270.28, -531.5, "B", "DIP", "D1/TX", "", "R", 39.37, 49.21, 18.9, 0],
		[7, "H1_3", 320.28, -531.5, "T", "DIP", "D0/RX", "", "R", 39.37, 49.21, 18.9, 0],
		[8, "H1_3", 320.28, -531.5, "B", "DIP", "D0/RX", "", "R", 39.37, 49.21, 18.9, 0],
		[9, "H1_4", 370.28, -531.5, "T", "DIP", "GND", "GND", "R", 39.37, 49.21, 18.9, 0],
		[10, "H1_4", 370.28, -531.5, "B", "DIP", "GND", "GND", "R", 39.37, 49.21, 18.9, 0],
		[11, "R1_1", 292.04, -70, "T", "SMD", "SCL", "", "R", 22.27, 21.26, 0, 180],
		[12, "R1_2", 257.96, -70, "T", "SMD", "VCC", "", "R", 22.27, 21.26, 0, 180],
		[13, "R2_1", 342.96, -70, "T", "SMD", "SDA", "", "R", 22.27, 21.26, 0, 0],
		[14, "R2_2", 377.04, -70, "T", "SMD", "VCC", "", "R", 22.27, 21.26, 0, 0],
		[15, "R3_1", 500, -337.04, "T", "SMD", "RESET", "", "R", 22.27, 21.26, 0, 90],
		[16, "R3_2", 500, -302.96, "T", "SMD", "VCC", "", "R", 22.27, 21.26, 0, 90],
		[17, "U1_1", 526.97, -532.28, "T", "DIP", "D12", "", "R", 39.37, 39.37, 23.62, 90],
		[18, "U1_1", 526.97, -532.28, "B", "DIP", "D12", "", "R", 39.37, 39.37, 23.62, 90],
		[19, "U1_2", 476.97, -532.28, "T", "DIP", "VCC", "", "C", 39.37, 39.37, 23.62, 90],
		[20, "U1_2", 476.97, -532.28, "B", "DIP", "VCC", "", "C", 39.37, 39.37, 23.62, 90],
		[21, "U1_3", 526.97, -482.28, "T", "DIP", "D13", "", "C", 39.37, 39.37, 23.62, 90],
		[22, "U1_3", 526.97, -482.28, "B", "DIP", "D13", "", "C", 39.37, 39.37, 23.62, 90],
		[23, "U1_4", 476.97, -482.28, "T", "DIP", "D11", "", "C", 39.37, 39.37, 23.62, 90],
		[24, "U1_4", 476.97, -482.28, "B", "DIP", "D11", "", "C", 39.37, 39.37, 23.62, 90],
		[25, "U1_5", 526.97, -432.28, "T", "DIP", "RESET", "", "C", 39.37, 39.37, 23.62, 90],
		[26, "U1_5", 526.97, -432.28, "B", "DIP", "RESET", "", "C", 39.37, 39.37, 23.62, 90],
		[27, "U1_6", 476.97, -432.28, "T", "DIP", "GND", "GND", "C", 39.37, 39.37, 23.62, 90],
		[28, "U1_6", 476.97, -432.28, "B", "DIP", "GND", "GND", "C", 39.37, 39.37, 23.62, 90],
		[29, "U2_1", 358.76, -336.15, "B", "SMD", "GND", "GND", "O", 23.7, 44.33, 0, 180],
		[30, "U2_2", 316.44, -336.15, "B", "SMD", "$1N3219", "", "O", 23.7, 44.33, 0, 180],
		[31, "U2_3", 274.12, -336.15, "B", "SMD", "VCC", "", "O", 23.7, 44.33, 0, 180],
		[32, "U2_4", 231.8, -336.15, "B", "SMD", "VCC", "", "O", 23.7, 44.33, 0, 180],
		[33, "U2_5", 231.8, -254.41, "B", "SMD", "$1N3219", "", "O", 23.7, 44.33, 0, 180],
		[34, "U2_6", 274.12, -254.41, "B", "SMD", "U2_6", "", "O", 23.7, 44.33, 0, 180],
		[35, "U2_7", 316.44, -254.41, "B", "SMD", "SDA", "", "O", 23.7, 44.33, 0, 180],
		[36, "U2_8", 358.76, -254.41, "B", "SMD", "SCL", "", "O", 23.7, 44.33, 0, 180],
		[37, "U3_1", 200.5, -187.01, "T", "SMD", "U3_1", "", "R", 26.18, 11.02, 0, 0],
		[38, "U3_2", 200.5, -206.7, "T", "SMD", "U3_2", "", "R", 26.18, 11.02, 0, 0],
		[39, "U3_3", 200.5, -226.38, "T", "SMD", "GND", "GND", "R", 26.18, 11.02, 0, 0],
		[40, "U3_4", 200.5, -246.07, "T", "SMD", "VCC", "", "R", 26.18, 11.02, 0, 0],
		[41, "U3_5", 200.5, -265.75, "T", "SMD", "GND", "GND", "R", 26.18, 11.02, 0, 0],
		[42, "U3_6", 200.5, -285.44, "T", "SMD", "VCC", "", "R", 26.18, 11.02, 0, 0],
		[43, "U3_7", 200.5, -305.12, "T", "SMD", "XTAL1", "", "R", 26.18, 11.02, 0, 0],
		[44, "U3_8", 200.5, -324.81, "T", "SMD", "XTAL2", "", "R", 26.18, 11.02, 0, 0],
		[45, "U3_9", 226.38, -350.69, "T", "SMD", "U3_9", "", "R", 11.02, 26.18, 0, 0],
		[46, "U3_10", 246.07, -350.69, "T", "SMD", "U3_10", "", "R", 11.02, 26.18, 0, 0],
		[47, "U3_11", 265.75, -350.69, "T", "SMD", "U3_11", "", "R", 11.02, 26.18, 0, 0],
		[48, "U3_12", 285.44, -350.69, "T", "SMD", "U3_12", "", "R", 11.02, 26.18, 0, 0],
		[49, "U3_13", 305.12, -350.69, "T", "SMD", "U3_13", "", "R", 11.02, 26.18, 0, 0],
		[50, "U3_14", 324.81, -350.69, "T", "SMD", "U3_14", "", "R", 11.02, 26.18, 0, 0],
		[51, "U3_15", 344.49, -350.69, "T", "SMD", "D11", "", "R", 11.02, 26.18, 0, 0],
		[52, "U3_16", 364.18, -350.69, "T", "SMD", "D12", "", "R", 11.02, 26.18, 0, 0],
		[53, "U3_17", 390.06, -324.81, "T", "SMD", "D13", "", "R", 26.18, 11.02, 0, 0],
		[54, "U3_18", 390.06, -305.12, "T", "SMD", "VCC", "", "R", 26.18, 11.02, 0, 0],
		[55, "U3_19", 390.06, -285.44, "T", "SMD", "U3_19", "", "R", 26.18, 11.02, 0, 0],
		[56, "U3_20", 390.06, -265.75, "T", "SMD", "$1N3136", "", "R", 26.18, 11.02, 0, 0],
		[57, "U3_21", 390.06, -246.07, "T", "SMD", "GND", "GND", "R", 26.18, 11.02, 0, 0],
		[58, "U3_22", 390.06, -226.38, "T", "SMD", "U3_22", "", "R", 26.18, 11.02, 0, 0],
		[59, "U3_23", 390.06, -206.7, "T", "SMD", "U3_23", "", "R", 26.18, 11.02, 0, 0],
		[60, "U3_24", 390.06, -187.01, "T", "SMD", "U3_24", "", "R", 26.18, 11.02, 0, 0],
		[61, "U3_25", 364.18, -161.13, "T", "SMD", "U3_25", "", "R", 11.02, 26.18, 0, 0],
		[62, "U3_26", 344.49, -161.13, "T", "SMD", "U3_26", "", "R", 11.02, 26.18, 0, 0],
		[63, "U3_27", 324.81, -161.13, "T", "SMD", "SDA", "", "R", 11.02, 26.18, 0, 0],
		[64, "U3_28", 305.12, -161.13, "T", "SMD", "SCL", "", "R", 11.02, 26.18, 0, 0],
		[65, "U3_29", 285.44, -161.13, "T", "SMD", "RESET", "", "R", 11.02, 26.18, 0, 0],
		[66, "U3_30", 265.75, -161.13, "T", "SMD", "D0/RX", "", "R", 11.02, 26.18, 0, 0],
		[67, "U3_31", 246.07, -161.13, "T", "SMD", "D1/TX", "", "R", 11.02, 26.18, 0, 0],
		[68, "U3_32", 226.38, -161.13, "T", "SMD", "U3_32", "", "R", 11.02, 26.18, 0, 0],
		[69, "U3_33", 295.28, -255.91, "T", "SMD", "GND", "GND", "R", 122.05, 122.05, 0, 0],
		[70, "X1_1", 110, -352.24, "T", "SMD", "XTAL2", "", "R", 19.68, 59.05, 0, 90],
		[71, "X1_2", 110, -305, "T", "SMD", "GND", "GND", "R", 19.68, 59.05, 0, 90],
		[72, "X1_3", 110, -257.76, "T", "SMD", "XTAL1", "", "R", 19.68, 59.05, 0, 90]
	]
}
}