{
"lengthUnit": "mil",
"components": {
	"fields": ["COMPONENT_NO", "COMPONENT_NAME", "LAYER", "X_COORDINATE", "Y_COORDINATE", "ANGLE"],
	"rows": [
		[1, "CN1", "T", 275.59, -59.06, 180],
		[2, "H1", "T", 275.59, -492.13, 0],
		[3, "TP1", "T", 98.43, -275.59, 0],
		[4, "TP2", "T", 452.76, -275.59, 0]
	]
},
"pins": {
	"fields": ["PIN_NO", "PIN_NAME", "PIN_X", "PIN_Y", "LAYER", "PIN_TYPE", "NET_NAME", "NET_TYPE", "PAD_SHAPE", "PAD_SIZEX", "PAD_SIZEY", "HOLE_SIZE", "PAD_ANGLE"],
	"rows": [
		[1, "CN1_1", 425.59, -59.06, "T", "SMD", "GND", "GND", "R", 39.37, 78.74, 0, 180],
		[2, "CN1_2", 325.59, -59.06, "T", "SMD", "D1/TX", "", "R", 39.37, 78.74, 0, 180],
		[3, "CN1_3", 225.59, -59.06, "T", "SMD", "D0/RX", "", "R", 39.37, 78.74, 0, 180],
		[4, "CN1_4", 125.59, -59.06, "T", "SMD", "+3.3V", "", "R", 39.37, 78.74, 0, 180],
		[5, "H1_1", 200.59, -492.13, "T", "DIP", "GND", "GND", "R", 39.37, 39.37, 23.62, 0],
		[6, "H1_1", 200.59, -492.13, "B", "DIP", "GND", "GND", "R", 39.37, 39.37, 23.62, 0],
		[7, "H1_2", 250.59, -492.13, "T", "DIP", "D0/RX", "", "C", 39.37, 39.37, 23.62, 0],
		[8, "H1_2", 250.59, -492.13, "B", "DIP", "D0/RX", "", "C", 39.37, 39.37, 23.62, 0],
		[9, "H1_3", 300.59, -492.13, "T", "DIP", "D1/TX", "", "C", 39.37, 39.37, 23.62, 0],
		[10, "H1_3", 300.59, -492.13, "B", "DIP", "D1/TX", "", "C", 39.37, 39.37, 23.62, 0],
		[11, "H1_4", 350.59, -492.13, "T", "DIP", "+3.3V", "", "C", 39.37, 39.37, 23.62, 0],
		[12, "H1_4", 350.59, -492.13, "B", "DIP", "+3.3V", "", "C", 39.37, 39.37, 23.62, 0],
		[13, "TP1_1", 98.43, -275.59, "T", "DIP", "TP1_1", "", "C", 78.74, 78.74, 78.74, 0],
		[14, "TP1_1", 98.43, -275.59, "B", "DIP", "TP1_1", "", "C", 78.74, 78.74, 78.74, 0],
		[15, "TP2_1", 452.76, -275.59, "T", "DIP", "TP2_1", "", "C", 78.74, 78.74, 78.74, 0],
		[16, "TP2_1", 452.76, -275.59, "B", "DIP", "TP2_1", "", "C", 78.74, 78.74, 78.74, 0]
	]
}
}